<?xml version="1.0" encoding="UTF-8" standalone="yes"?>
<w:document xmlns:wpc="http://schemas.microsoft.com/office/word/2010/wordprocessingCanvas" xmlns:cx="http://schemas.microsoft.com/office/drawing/2014/chartex" xmlns:cx1="http://schemas.microsoft.com/office/drawing/2015/9/8/chartex" xmlns:cx2="http://schemas.microsoft.com/office/drawing/2015/10/21/chartex" xmlns:cx3="http://schemas.microsoft.com/office/drawing/2016/5/9/chartex" xmlns:cx4="http://schemas.microsoft.com/office/drawing/2016/5/10/chartex" xmlns:cx5="http://schemas.microsoft.com/office/drawing/2016/5/11/chartex" xmlns:cx6="http://schemas.microsoft.com/office/drawing/2016/5/12/chartex" xmlns:cx7="http://schemas.microsoft.com/office/drawing/2016/5/13/chartex" xmlns:cx8="http://schemas.microsoft.com/office/drawing/2016/5/14/chartex" xmlns:mc="http://schemas.openxmlformats.org/markup-compatibility/2006" xmlns:aink="http://schemas.microsoft.com/office/drawing/2016/ink" xmlns:am3d="http://schemas.microsoft.com/office/drawing/2017/model3d" xmlns:o="urn:schemas-microsoft-com:office:office" xmlns:oel="http://schemas.microsoft.com/office/2019/extlst" xmlns:r="http://schemas.openxmlformats.org/officeDocument/2006/relationships" xmlns:m="http://schemas.openxmlformats.org/officeDocument/2006/math" xmlns:v="urn:schemas-microsoft-com:vml" xmlns:wp14="http://schemas.microsoft.com/office/word/2010/wordprocessingDrawing" xmlns:wp="http://schemas.openxmlformats.org/drawingml/2006/wordprocessingDrawing" xmlns:w10="urn:schemas-microsoft-com:office:word" xmlns:w="http://schemas.openxmlformats.org/wordprocessingml/2006/main" xmlns:w14="http://schemas.microsoft.com/office/word/2010/wordml" xmlns:w15="http://schemas.microsoft.com/office/word/2012/wordml" xmlns:w16cex="http://schemas.microsoft.com/office/word/2018/wordml/cex" xmlns:w16cid="http://schemas.microsoft.com/office/word/2016/wordml/cid" xmlns:w16="http://schemas.microsoft.com/office/word/2018/wordml" xmlns:w16du="http://schemas.microsoft.com/office/word/2023/wordml/word16du" xmlns:w16sdtdh="http://schemas.microsoft.com/office/word/2020/wordml/sdtdatahash" xmlns:w16sdtfl="http://schemas.microsoft.com/office/word/2024/wordml/sdtformatlock" xmlns:w16se="http://schemas.microsoft.com/office/word/2015/wordml/symex" xmlns:wpg="http://schemas.microsoft.com/office/word/2010/wordprocessingGroup" xmlns:wpi="http://schemas.microsoft.com/office/word/2010/wordprocessingInk" xmlns:wne="http://schemas.microsoft.com/office/word/2006/wordml" xmlns:wps="http://schemas.microsoft.com/office/word/2010/wordprocessingShape" mc:Ignorable="w14 w15 w16se w16cid w16 w16cex w16sdtdh w16sdtfl w16du wp14"><w:body><w:p w14:paraId="24582EFC" w14:textId="77777777" w:rsidR="00CF140D" w:rsidRDefault="00CF140D"><w:pPr><w:rPr><w:noProof/></w:rPr></w:pPr><w:r w:rsidRPr="00CF140D"><w:rPr><w:lang w:val="en-US"/></w:rPr><w:drawing><wp:inline distT="0" distB="0" distL="0" distR="0" wp14:anchorId="13318997" wp14:editId="488FC74C"><wp:extent cx="5731510" cy="6167120"/><wp:effectExtent l="0" t="0" r="2540" b="5080"/><wp:docPr id="116298419" name="Рисунок 1"/><wp:cNvGraphicFramePr><a:graphicFrameLocks xmlns:a="http://schemas.openxmlformats.org/drawingml/2006/main" noChangeAspect="1"/></wp:cNvGraphicFramePr><a:graphic xmlns:a="http://schemas.openxmlformats.org/drawingml/2006/main"><a:graphicData uri="http://schemas.openxmlformats.org/drawingml/2006/picture"><pic:pic xmlns:pic="http://schemas.openxmlformats.org/drawingml/2006/picture"><pic:nvPicPr><pic:cNvPr id="116298419" name=""/><pic:cNvPicPr/></pic:nvPicPr><pic:blipFill><a:blip r:embed="rId5"/><a:stretch><a:fillRect/></a:stretch></pic:blipFill><pic:spPr><a:xfrm><a:off x="0" y="0"/><a:ext cx="5731510" cy="6167120"/></a:xfrm><a:prstGeom prst="rect"><a:avLst/></a:prstGeom></pic:spPr></pic:pic></a:graphicData></a:graphic></wp:inline></w:drawing></w:r></w:p><w:p w14:paraId="36DF52B1" w14:textId="0F4080EA" w:rsidR="00FD6060" w:rsidRDefault="00CF140D"><w:pPr><w:rPr><w:lang w:val="en-US"/></w:rPr></w:pPr><w:r w:rsidRPr="00CF140D"><w:rPr><w:noProof/></w:rPr><w:lastRenderedPageBreak/><w:drawing><wp:inline distT="0" distB="0" distL="0" distR="0" wp14:anchorId="389E47EE" wp14:editId="0CDA3151"><wp:extent cx="5731510" cy="6325870"/><wp:effectExtent l="0" t="0" r="2540" b="0"/><wp:docPr id="81500990" name="Рисунок 1"/><wp:cNvGraphicFramePr><a:graphicFrameLocks xmlns:a="http://schemas.openxmlformats.org/drawingml/2006/main" noChangeAspect="1"/></wp:cNvGraphicFramePr><a:graphic xmlns:a="http://schemas.openxmlformats.org/drawingml/2006/main"><a:graphicData uri="http://schemas.openxmlformats.org/drawingml/2006/picture"><pic:pic xmlns:pic="http://schemas.openxmlformats.org/drawingml/2006/picture"><pic:nvPicPr><pic:cNvPr id="81500990" name=""/><pic:cNvPicPr/></pic:nvPicPr><pic:blipFill><a:blip r:embed="rId6"/><a:stretch><a:fillRect/></a:stretch></pic:blipFill><pic:spPr><a:xfrm><a:off x="0" y="0"/><a:ext cx="5731510" cy="6325870"/></a:xfrm><a:prstGeom prst="rect"><a:avLst/></a:prstGeom></pic:spPr></pic:pic></a:graphicData></a:graphic></wp:inline></w:drawing></w:r><w:r w:rsidR="00671386" w:rsidRPr="00671386"><w:drawing><wp:inline distT="0" distB="0" distL="0" distR="0" wp14:anchorId="0892CB25" wp14:editId="614FC5FC"><wp:extent cx="5731510" cy="1854200"/><wp:effectExtent l="0" t="0" r="2540" b="0"/><wp:docPr id="693259342" name="Рисунок 1"/><wp:cNvGraphicFramePr><a:graphicFrameLocks xmlns:a="http://schemas.openxmlformats.org/drawingml/2006/main" noChangeAspect="1"/></wp:cNvGraphicFramePr><a:graphic xmlns:a="http://schemas.openxmlformats.org/drawingml/2006/main"><a:graphicData uri="http://schemas.openxmlformats.org/drawingml/2006/picture"><pic:pic xmlns:pic="http://schemas.openxmlformats.org/drawingml/2006/picture"><pic:nvPicPr><pic:cNvPr id="693259342" name=""/><pic:cNvPicPr/></pic:nvPicPr><pic:blipFill><a:blip r:embed="rId7"/><a:stretch><a:fillRect/></a:stretch></pic:blipFill><pic:spPr><a:xfrm><a:off x="0" y="0"/><a:ext cx="5731510" cy="1854200"/></a:xfrm><a:prstGeom prst="rect"><a:avLst/></a:prstGeom></pic:spPr></pic:pic></a:graphicData></a:graphic></wp:inline></w:drawing></w:r><w:r w:rsidRPr="00CF140D"><w:rPr><w:noProof/></w:rPr><w:t xml:space="preserve"> </w:t></w:r></w:p><w:p w14:paraId="236A4045" w14:textId="77777777" w:rsidR="00671386" w:rsidRDefault="00671386"><w:pPr><w:rPr><w:lang w:val="en-US"/></w:rPr></w:pPr></w:p><w:p w14:paraId="5FBF301D" w14:textId="77777777" w:rsidR="00671386" w:rsidRDefault="00671386"><w:pPr><w:rPr><w:lang w:val="en-US"/></w:rPr></w:pPr></w:p><w:p w14:paraId="215E8E08" w14:textId="32804B8D" w:rsidR="00671386" w:rsidRDefault="00671386"><w:pPr><w:rPr><w:lang w:val="en-US"/></w:rPr></w:pPr><w:r w:rsidRPr="00671386"><w:rPr><w:lang w:val="en-US"/></w:rPr><w:lastRenderedPageBreak/><w:drawing><wp:inline distT="0" distB="0" distL="0" distR="0" wp14:anchorId="7EDF1F62" wp14:editId="1FEC0B88"><wp:extent cx="5731510" cy="3114040"/><wp:effectExtent l="0" t="0" r="2540" b="0"/><wp:docPr id="1052579495" name="Рисунок 1"/><wp:cNvGraphicFramePr><a:graphicFrameLocks xmlns:a="http://schemas.openxmlformats.org/drawingml/2006/main" noChangeAspect="1"/></wp:cNvGraphicFramePr><a:graphic xmlns:a="http://schemas.openxmlformats.org/drawingml/2006/main"><a:graphicData uri="http://schemas.openxmlformats.org/drawingml/2006/picture"><pic:pic xmlns:pic="http://schemas.openxmlformats.org/drawingml/2006/picture"><pic:nvPicPr><pic:cNvPr id="1052579495" name=""/><pic:cNvPicPr/></pic:nvPicPr><pic:blipFill><a:blip r:embed="rId8"/><a:stretch><a:fillRect/></a:stretch></pic:blipFill><pic:spPr><a:xfrm><a:off x="0" y="0"/><a:ext cx="5731510" cy="3114040"/></a:xfrm><a:prstGeom prst="rect"><a:avLst/></a:prstGeom></pic:spPr></pic:pic></a:graphicData></a:graphic></wp:inline></w:drawing></w:r></w:p><w:p w14:paraId="6C2AEDE7" w14:textId="0DE78366" w:rsidR="00671386" w:rsidRDefault="00671386"><w:pPr><w:rPr><w:lang w:val="en-US"/></w:rPr></w:pPr><w:r w:rsidRPr="00671386"><w:rPr><w:lang w:val="en-US"/></w:rPr><w:drawing><wp:inline distT="0" distB="0" distL="0" distR="0" wp14:anchorId="05A89F13" wp14:editId="42B8A981"><wp:extent cx="5731510" cy="2216785"/><wp:effectExtent l="0" t="0" r="2540" b="0"/><wp:docPr id="272832539" name="Рисунок 1"/><wp:cNvGraphicFramePr><a:graphicFrameLocks xmlns:a="http://schemas.openxmlformats.org/drawingml/2006/main" noChangeAspect="1"/></wp:cNvGraphicFramePr><a:graphic xmlns:a="http://schemas.openxmlformats.org/drawingml/2006/main"><a:graphicData uri="http://schemas.openxmlformats.org/drawingml/2006/picture"><pic:pic xmlns:pic="http://schemas.openxmlformats.org/drawingml/2006/picture"><pic:nvPicPr><pic:cNvPr id="272832539" name=""/><pic:cNvPicPr/></pic:nvPicPr><pic:blipFill><a:blip r:embed="rId9"/><a:stretch><a:fillRect/></a:stretch></pic:blipFill><pic:spPr><a:xfrm><a:off x="0" y="0"/><a:ext cx="5731510" cy="2216785"/></a:xfrm><a:prstGeom prst="rect"><a:avLst/></a:prstGeom></pic:spPr></pic:pic></a:graphicData></a:graphic></wp:inline></w:drawing></w:r></w:p><w:p w14:paraId="09B945B9" w14:textId="77777777" w:rsidR="00671386" w:rsidRDefault="00671386"><w:pPr><w:rPr><w:lang w:val="en-US"/></w:rPr></w:pPr></w:p><w:p w14:paraId="60181F4B" w14:textId="130AF48F" w:rsidR="00671386" w:rsidRDefault="00671386"><w:pPr><w:rPr><w:lang w:val="en-US"/></w:rPr></w:pPr><w:r w:rsidRPr="00671386"><w:rPr><w:lang w:val="en-US"/></w:rPr><w:lastRenderedPageBreak/><w:drawing><wp:inline distT="0" distB="0" distL="0" distR="0" wp14:anchorId="2654D024" wp14:editId="690826AF"><wp:extent cx="5731510" cy="3157220"/><wp:effectExtent l="0" t="0" r="2540" b="5080"/><wp:docPr id="815000968" name="Рисунок 1"/><wp:cNvGraphicFramePr><a:graphicFrameLocks xmlns:a="http://schemas.openxmlformats.org/drawingml/2006/main" noChangeAspect="1"/></wp:cNvGraphicFramePr><a:graphic xmlns:a="http://schemas.openxmlformats.org/drawingml/2006/main"><a:graphicData uri="http://schemas.openxmlformats.org/drawingml/2006/picture"><pic:pic xmlns:pic="http://schemas.openxmlformats.org/drawingml/2006/picture"><pic:nvPicPr><pic:cNvPr id="815000968" name=""/><pic:cNvPicPr/></pic:nvPicPr><pic:blipFill><a:blip r:embed="rId10"/><a:stretch><a:fillRect/></a:stretch></pic:blipFill><pic:spPr><a:xfrm><a:off x="0" y="0"/><a:ext cx="5731510" cy="3157220"/></a:xfrm><a:prstGeom prst="rect"><a:avLst/></a:prstGeom></pic:spPr></pic:pic></a:graphicData></a:graphic></wp:inline></w:drawing></w:r></w:p><w:p w14:paraId="1D9F6E23" w14:textId="77777777" w:rsidR="00671386" w:rsidRDefault="00671386"><w:pPr><w:rPr><w:lang w:val="en-US"/></w:rPr></w:pPr></w:p><w:p w14:paraId="2236397E" w14:textId="77E17B8D" w:rsidR="00671386" w:rsidRDefault="00671386"><w:pPr><w:rPr><w:lang w:val="en-US"/></w:rPr></w:pPr><w:r w:rsidRPr="00671386"><w:rPr><w:lang w:val="en-US"/></w:rPr><w:drawing><wp:inline distT="0" distB="0" distL="0" distR="0" wp14:anchorId="204DC3C4" wp14:editId="034E5957"><wp:extent cx="5731510" cy="3413125"/><wp:effectExtent l="0" t="0" r="2540" b="0"/><wp:docPr id="592967143" name="Рисунок 1"/><wp:cNvGraphicFramePr><a:graphicFrameLocks xmlns:a="http://schemas.openxmlformats.org/drawingml/2006/main" noChangeAspect="1"/></wp:cNvGraphicFramePr><a:graphic xmlns:a="http://schemas.openxmlformats.org/drawingml/2006/main"><a:graphicData uri="http://schemas.openxmlformats.org/drawingml/2006/picture"><pic:pic xmlns:pic="http://schemas.openxmlformats.org/drawingml/2006/picture"><pic:nvPicPr><pic:cNvPr id="592967143" name=""/><pic:cNvPicPr/></pic:nvPicPr><pic:blipFill><a:blip r:embed="rId11"/><a:stretch><a:fillRect/></a:stretch></pic:blipFill><pic:spPr><a:xfrm><a:off x="0" y="0"/><a:ext cx="5731510" cy="3413125"/></a:xfrm><a:prstGeom prst="rect"><a:avLst/></a:prstGeom></pic:spPr></pic:pic></a:graphicData></a:graphic></wp:inline></w:drawing></w:r></w:p><w:p w14:paraId="1B4091DC" w14:textId="77777777" w:rsidR="00671386" w:rsidRDefault="00671386"><w:pPr><w:rPr><w:lang w:val="en-US"/></w:rPr></w:pPr></w:p><w:p w14:paraId="03C83C3A" w14:textId="338EDDBE" w:rsidR="00671386" w:rsidRDefault="00671386"><w:pPr><w:rPr><w:lang w:val="en-US"/></w:rPr></w:pPr><w:r w:rsidRPr="00671386"><w:rPr><w:lang w:val="en-US"/></w:rPr><w:lastRenderedPageBreak/><w:drawing><wp:inline distT="0" distB="0" distL="0" distR="0" wp14:anchorId="0ADD914D" wp14:editId="57DEB2CB"><wp:extent cx="5731510" cy="3536950"/><wp:effectExtent l="0" t="0" r="2540" b="6350"/><wp:docPr id="1551161522" name="Рисунок 1"/><wp:cNvGraphicFramePr><a:graphicFrameLocks xmlns:a="http://schemas.openxmlformats.org/drawingml/2006/main" noChangeAspect="1"/></wp:cNvGraphicFramePr><a:graphic xmlns:a="http://schemas.openxmlformats.org/drawingml/2006/main"><a:graphicData uri="http://schemas.openxmlformats.org/drawingml/2006/picture"><pic:pic xmlns:pic="http://schemas.openxmlformats.org/drawingml/2006/picture"><pic:nvPicPr><pic:cNvPr id="1551161522" name=""/><pic:cNvPicPr/></pic:nvPicPr><pic:blipFill><a:blip r:embed="rId12"/><a:stretch><a:fillRect/></a:stretch></pic:blipFill><pic:spPr><a:xfrm><a:off x="0" y="0"/><a:ext cx="5731510" cy="3536950"/></a:xfrm><a:prstGeom prst="rect"><a:avLst/></a:prstGeom></pic:spPr></pic:pic></a:graphicData></a:graphic></wp:inline></w:drawing></w:r></w:p><w:p w14:paraId="1D14EB61" w14:textId="77777777" w:rsidR="00671386" w:rsidRDefault="00671386"><w:pPr><w:rPr><w:lang w:val="en-US"/></w:rPr></w:pPr></w:p><w:p w14:paraId="1E0E088E" w14:textId="726FC872" w:rsidR="00671386" w:rsidRDefault="00671386"><w:pPr><w:rPr><w:lang w:val="en-US"/></w:rPr></w:pPr><w:r w:rsidRPr="00671386"><w:rPr><w:lang w:val="en-US"/></w:rPr><w:drawing><wp:inline distT="0" distB="0" distL="0" distR="0" wp14:anchorId="45699F0C" wp14:editId="6C95E648"><wp:extent cx="5731510" cy="3462020"/><wp:effectExtent l="0" t="0" r="2540" b="5080"/><wp:docPr id="604423327" name="Рисунок 1"/><wp:cNvGraphicFramePr><a:graphicFrameLocks xmlns:a="http://schemas.openxmlformats.org/drawingml/2006/main" noChangeAspect="1"/></wp:cNvGraphicFramePr><a:graphic xmlns:a="http://schemas.openxmlformats.org/drawingml/2006/main"><a:graphicData uri="http://schemas.openxmlformats.org/drawingml/2006/picture"><pic:pic xmlns:pic="http://schemas.openxmlformats.org/drawingml/2006/picture"><pic:nvPicPr><pic:cNvPr id="604423327" name=""/><pic:cNvPicPr/></pic:nvPicPr><pic:blipFill><a:blip r:embed="rId13"/><a:stretch><a:fillRect/></a:stretch></pic:blipFill><pic:spPr><a:xfrm><a:off x="0" y="0"/><a:ext cx="5731510" cy="3462020"/></a:xfrm><a:prstGeom prst="rect"><a:avLst/></a:prstGeom></pic:spPr></pic:pic></a:graphicData></a:graphic></wp:inline></w:drawing></w:r></w:p><w:p w14:paraId="7C7AA9CC" w14:textId="77777777" w:rsidR="00671386" w:rsidRDefault="00671386"><w:pPr><w:rPr><w:lang w:val="en-US"/></w:rPr></w:pPr></w:p><w:p w14:paraId="50624FC7" w14:textId="468C64CD" w:rsidR="00671386" w:rsidRDefault="00671386"><w:pPr><w:rPr><w:lang w:val="en-US"/></w:rPr></w:pPr><w:r w:rsidRPr="00671386"><w:rPr><w:lang w:val="en-US"/></w:rPr><w:lastRenderedPageBreak/><w:drawing><wp:inline distT="0" distB="0" distL="0" distR="0" wp14:anchorId="1303E1F8" wp14:editId="484FC47E"><wp:extent cx="5731510" cy="3399790"/><wp:effectExtent l="0" t="0" r="2540" b="0"/><wp:docPr id="164453358" name="Рисунок 1"/><wp:cNvGraphicFramePr><a:graphicFrameLocks xmlns:a="http://schemas.openxmlformats.org/drawingml/2006/main" noChangeAspect="1"/></wp:cNvGraphicFramePr><a:graphic xmlns:a="http://schemas.openxmlformats.org/drawingml/2006/main"><a:graphicData uri="http://schemas.openxmlformats.org/drawingml/2006/picture"><pic:pic xmlns:pic="http://schemas.openxmlformats.org/drawingml/2006/picture"><pic:nvPicPr><pic:cNvPr id="164453358" name=""/><pic:cNvPicPr/></pic:nvPicPr><pic:blipFill><a:blip r:embed="rId14"/><a:stretch><a:fillRect/></a:stretch></pic:blipFill><pic:spPr><a:xfrm><a:off x="0" y="0"/><a:ext cx="5731510" cy="3399790"/></a:xfrm><a:prstGeom prst="rect"><a:avLst/></a:prstGeom></pic:spPr></pic:pic></a:graphicData></a:graphic></wp:inline></w:drawing></w:r></w:p><w:p w14:paraId="13C7946E" w14:textId="77777777" w:rsidR="00671386" w:rsidRDefault="00671386"><w:pPr><w:rPr><w:lang w:val="en-US"/></w:rPr></w:pPr></w:p><w:p w14:paraId="1968F62B" w14:textId="77777777" w:rsidR="00671386" w:rsidRDefault="00671386"><w:pPr><w:rPr><w:lang w:val="en-US"/></w:rPr></w:pPr></w:p><w:p w14:paraId="442B2083" w14:textId="0167FD88" w:rsidR="00671386" w:rsidRDefault="00671386"><w:r w:rsidRPr="00671386"><w:rPr><w:lang w:val="en-US"/></w:rPr><w:drawing><wp:inline distT="0" distB="0" distL="0" distR="0" wp14:anchorId="0D76024E" wp14:editId="58EA8232"><wp:extent cx="5731510" cy="3389630"/><wp:effectExtent l="0" t="0" r="2540" b="1270"/><wp:docPr id="851515250" name="Рисунок 1"/><wp:cNvGraphicFramePr><a:graphicFrameLocks xmlns:a="http://schemas.openxmlformats.org/drawingml/2006/main" noChangeAspect="1"/></wp:cNvGraphicFramePr><a:graphic xmlns:a="http://schemas.openxmlformats.org/drawingml/2006/main"><a:graphicData uri="http://schemas.openxmlformats.org/drawingml/2006/picture"><pic:pic xmlns:pic="http://schemas.openxmlformats.org/drawingml/2006/picture"><pic:nvPicPr><pic:cNvPr id="851515250" name=""/><pic:cNvPicPr/></pic:nvPicPr><pic:blipFill><a:blip r:embed="rId15"/><a:stretch><a:fillRect/></a:stretch></pic:blipFill><pic:spPr><a:xfrm><a:off x="0" y="0"/><a:ext cx="5731510" cy="3389630"/></a:xfrm><a:prstGeom prst="rect"><a:avLst/></a:prstGeom></pic:spPr></pic:pic></a:graphicData></a:graphic></wp:inline></w:drawing></w:r></w:p><w:p w14:paraId="6357EBA9" w14:textId="77777777" w:rsidR="003D65EF" w:rsidRDefault="003D65EF"/><w:p w14:paraId="61311F92" w14:textId="49B00AAD" w:rsidR="003D65EF" w:rsidRDefault="003D65EF"><w:r><w:t xml:space="preserve">Ученик -вход </w:t></w:r></w:p><w:p w14:paraId="01F5FCB8" w14:textId="0089B3A4" w:rsidR="003D65EF" w:rsidRDefault="003D65EF"><w:r w:rsidRPr="003D65EF"><w:lastRenderedPageBreak/><w:drawing><wp:inline distT="0" distB="0" distL="0" distR="0" wp14:anchorId="3DBD54F3" wp14:editId="23CF7A62"><wp:extent cx="5731510" cy="3452495"/><wp:effectExtent l="0" t="0" r="2540" b="0"/><wp:docPr id="956144227" name="Рисунок 1"/><wp:cNvGraphicFramePr><a:graphicFrameLocks xmlns:a="http://schemas.openxmlformats.org/drawingml/2006/main" noChangeAspect="1"/></wp:cNvGraphicFramePr><a:graphic xmlns:a="http://schemas.openxmlformats.org/drawingml/2006/main"><a:graphicData uri="http://schemas.openxmlformats.org/drawingml/2006/picture"><pic:pic xmlns:pic="http://schemas.openxmlformats.org/drawingml/2006/picture"><pic:nvPicPr><pic:cNvPr id="956144227" name=""/><pic:cNvPicPr/></pic:nvPicPr><pic:blipFill><a:blip r:embed="rId16"/><a:stretch><a:fillRect/></a:stretch></pic:blipFill><pic:spPr><a:xfrm><a:off x="0" y="0"/><a:ext cx="5731510" cy="3452495"/></a:xfrm><a:prstGeom prst="rect"><a:avLst/></a:prstGeom></pic:spPr></pic:pic></a:graphicData></a:graphic></wp:inline></w:drawing></w:r></w:p><w:p w14:paraId="594E082A" w14:textId="77777777" w:rsidR="003D65EF" w:rsidRDefault="003D65EF"/><w:p w14:paraId="7C5B967B" w14:textId="77777777" w:rsidR="003D65EF" w:rsidRDefault="003D65EF"/><w:p w14:paraId="4B7AB373" w14:textId="2D7964D7" w:rsidR="003D65EF" w:rsidRDefault="003D65EF"><w:r w:rsidRPr="003D65EF"><w:drawing><wp:inline distT="0" distB="0" distL="0" distR="0" wp14:anchorId="251E4F78" wp14:editId="7203A61C"><wp:extent cx="5731510" cy="3473450"/><wp:effectExtent l="0" t="0" r="2540" b="0"/><wp:docPr id="1193135011" name="Рисунок 1"/><wp:cNvGraphicFramePr><a:graphicFrameLocks xmlns:a="http://schemas.openxmlformats.org/drawingml/2006/main" noChangeAspect="1"/></wp:cNvGraphicFramePr><a:graphic xmlns:a="http://schemas.openxmlformats.org/drawingml/2006/main"><a:graphicData uri="http://schemas.openxmlformats.org/drawingml/2006/picture"><pic:pic xmlns:pic="http://schemas.openxmlformats.org/drawingml/2006/picture"><pic:nvPicPr><pic:cNvPr id="1193135011" name=""/><pic:cNvPicPr/></pic:nvPicPr><pic:blipFill><a:blip r:embed="rId17"/><a:stretch><a:fillRect/></a:stretch></pic:blipFill><pic:spPr><a:xfrm><a:off x="0" y="0"/><a:ext cx="5731510" cy="3473450"/></a:xfrm><a:prstGeom prst="rect"><a:avLst/></a:prstGeom></pic:spPr></pic:pic></a:graphicData></a:graphic></wp:inline></w:drawing></w:r></w:p><w:p w14:paraId="0B859368" w14:textId="77777777" w:rsidR="003D65EF" w:rsidRDefault="003D65EF"/><w:p w14:paraId="7C16971B" w14:textId="5D09A5EC" w:rsidR="003D65EF" w:rsidRDefault="003D65EF"><w:r w:rsidRPr="003D65EF"><w:lastRenderedPageBreak/><w:drawing><wp:inline distT="0" distB="0" distL="0" distR="0" wp14:anchorId="562F3CA7" wp14:editId="690EEDE9"><wp:extent cx="5731510" cy="3421380"/><wp:effectExtent l="0" t="0" r="2540" b="7620"/><wp:docPr id="629217429" name="Рисунок 1"/><wp:cNvGraphicFramePr><a:graphicFrameLocks xmlns:a="http://schemas.openxmlformats.org/drawingml/2006/main" noChangeAspect="1"/></wp:cNvGraphicFramePr><a:graphic xmlns:a="http://schemas.openxmlformats.org/drawingml/2006/main"><a:graphicData uri="http://schemas.openxmlformats.org/drawingml/2006/picture"><pic:pic xmlns:pic="http://schemas.openxmlformats.org/drawingml/2006/picture"><pic:nvPicPr><pic:cNvPr id="629217429" name=""/><pic:cNvPicPr/></pic:nvPicPr><pic:blipFill><a:blip r:embed="rId18"/><a:stretch><a:fillRect/></a:stretch></pic:blipFill><pic:spPr><a:xfrm><a:off x="0" y="0"/><a:ext cx="5731510" cy="3421380"/></a:xfrm><a:prstGeom prst="rect"><a:avLst/></a:prstGeom></pic:spPr></pic:pic></a:graphicData></a:graphic></wp:inline></w:drawing></w:r></w:p><w:p w14:paraId="68DDBD39" w14:textId="77777777" w:rsidR="003D65EF" w:rsidRDefault="003D65EF"/><w:p w14:paraId="2FFF1BE4" w14:textId="07D3B13D" w:rsidR="003D65EF" w:rsidRDefault="003D65EF"><w:r w:rsidRPr="003D65EF"><w:drawing><wp:inline distT="0" distB="0" distL="0" distR="0" wp14:anchorId="5F4334BE" wp14:editId="7518C4CA"><wp:extent cx="5731510" cy="3465830"/><wp:effectExtent l="0" t="0" r="2540" b="1270"/><wp:docPr id="388907987" name="Рисунок 1"/><wp:cNvGraphicFramePr><a:graphicFrameLocks xmlns:a="http://schemas.openxmlformats.org/drawingml/2006/main" noChangeAspect="1"/></wp:cNvGraphicFramePr><a:graphic xmlns:a="http://schemas.openxmlformats.org/drawingml/2006/main"><a:graphicData uri="http://schemas.openxmlformats.org/drawingml/2006/picture"><pic:pic xmlns:pic="http://schemas.openxmlformats.org/drawingml/2006/picture"><pic:nvPicPr><pic:cNvPr id="388907987" name=""/><pic:cNvPicPr/></pic:nvPicPr><pic:blipFill><a:blip r:embed="rId19"/><a:stretch><a:fillRect/></a:stretch></pic:blipFill><pic:spPr><a:xfrm><a:off x="0" y="0"/><a:ext cx="5731510" cy="3465830"/></a:xfrm><a:prstGeom prst="rect"><a:avLst/></a:prstGeom></pic:spPr></pic:pic></a:graphicData></a:graphic></wp:inline></w:drawing></w:r></w:p><w:p w14:paraId="596AB63E" w14:textId="1556599C" w:rsidR="003D65EF" w:rsidRDefault="003D65EF"><w:r w:rsidRPr="003D65EF"><w:lastRenderedPageBreak/><w:drawing><wp:inline distT="0" distB="0" distL="0" distR="0" wp14:anchorId="2CB875D0" wp14:editId="0D85A6A8"><wp:extent cx="5731510" cy="3475990"/><wp:effectExtent l="0" t="0" r="2540" b="0"/><wp:docPr id="1234759643" name="Рисунок 1"/><wp:cNvGraphicFramePr><a:graphicFrameLocks xmlns:a="http://schemas.openxmlformats.org/drawingml/2006/main" noChangeAspect="1"/></wp:cNvGraphicFramePr><a:graphic xmlns:a="http://schemas.openxmlformats.org/drawingml/2006/main"><a:graphicData uri="http://schemas.openxmlformats.org/drawingml/2006/picture"><pic:pic xmlns:pic="http://schemas.openxmlformats.org/drawingml/2006/picture"><pic:nvPicPr><pic:cNvPr id="1234759643" name=""/><pic:cNvPicPr/></pic:nvPicPr><pic:blipFill><a:blip r:embed="rId20"/><a:stretch><a:fillRect/></a:stretch></pic:blipFill><pic:spPr><a:xfrm><a:off x="0" y="0"/><a:ext cx="5731510" cy="3475990"/></a:xfrm><a:prstGeom prst="rect"><a:avLst/></a:prstGeom></pic:spPr></pic:pic></a:graphicData></a:graphic></wp:inline></w:drawing></w:r></w:p><w:p w14:paraId="3DC4DEB0" w14:textId="77777777" w:rsidR="003D65EF" w:rsidRDefault="003D65EF"/><w:p w14:paraId="43D46CEA" w14:textId="4920B46B" w:rsidR="003D65EF" w:rsidRDefault="003D65EF"><w:r w:rsidRPr="003D65EF"><w:drawing><wp:inline distT="0" distB="0" distL="0" distR="0" wp14:anchorId="06B64AD6" wp14:editId="43B5735A"><wp:extent cx="5731510" cy="3263265"/><wp:effectExtent l="0" t="0" r="2540" b="0"/><wp:docPr id="1701158000" name="Рисунок 1"/><wp:cNvGraphicFramePr><a:graphicFrameLocks xmlns:a="http://schemas.openxmlformats.org/drawingml/2006/main" noChangeAspect="1"/></wp:cNvGraphicFramePr><a:graphic xmlns:a="http://schemas.openxmlformats.org/drawingml/2006/main"><a:graphicData uri="http://schemas.openxmlformats.org/drawingml/2006/picture"><pic:pic xmlns:pic="http://schemas.openxmlformats.org/drawingml/2006/picture"><pic:nvPicPr><pic:cNvPr id="1701158000" name=""/><pic:cNvPicPr/></pic:nvPicPr><pic:blipFill><a:blip r:embed="rId21"/><a:stretch><a:fillRect/></a:stretch></pic:blipFill><pic:spPr><a:xfrm><a:off x="0" y="0"/><a:ext cx="5731510" cy="3263265"/></a:xfrm><a:prstGeom prst="rect"><a:avLst/></a:prstGeom></pic:spPr></pic:pic></a:graphicData></a:graphic></wp:inline></w:drawing></w:r></w:p><w:p w14:paraId="48144B1B" w14:textId="77777777" w:rsidR="003D65EF" w:rsidRPr="003D65EF" w:rsidRDefault="003D65EF"/><w:sectPr w:rsidR="003D65EF" w:rsidRPr="003D65EF"><w:pgSz w:w="11906" w:h="16838"/><w:pgMar w:top="1440" w:right="1440" w:bottom="1440" w:left="1440" w:header="708" w:footer="708" w:gutter="0"/><w:cols w:space="708"/><w:docGrid w:linePitch="360"/></w:sectPr></w:body></w:document>