<?xml version="1.0" encoding="UTF-8" standalone="yes"?>
<w:document xmlns:wpc="http://schemas.microsoft.com/office/word/2010/wordprocessingCanvas" xmlns:cx="http://schemas.microsoft.com/office/drawing/2014/chartex" xmlns:cx1="http://schemas.microsoft.com/office/drawing/2015/9/8/chartex" xmlns:cx2="http://schemas.microsoft.com/office/drawing/2015/10/21/chartex" xmlns:cx3="http://schemas.microsoft.com/office/drawing/2016/5/9/chartex" xmlns:cx4="http://schemas.microsoft.com/office/drawing/2016/5/10/chartex" xmlns:cx5="http://schemas.microsoft.com/office/drawing/2016/5/11/chartex" xmlns:cx6="http://schemas.microsoft.com/office/drawing/2016/5/12/chartex" xmlns:cx7="http://schemas.microsoft.com/office/drawing/2016/5/13/chartex" xmlns:cx8="http://schemas.microsoft.com/office/drawing/2016/5/14/chartex" xmlns:mc="http://schemas.openxmlformats.org/markup-compatibility/2006" xmlns:aink="http://schemas.microsoft.com/office/drawing/2016/ink" xmlns:am3d="http://schemas.microsoft.com/office/drawing/2017/model3d" xmlns:o="urn:schemas-microsoft-com:office:office" xmlns:oel="http://schemas.microsoft.com/office/2019/extlst" xmlns:r="http://schemas.openxmlformats.org/officeDocument/2006/relationships" xmlns:m="http://schemas.openxmlformats.org/officeDocument/2006/math" xmlns:v="urn:schemas-microsoft-com:vml" xmlns:wp14="http://schemas.microsoft.com/office/word/2010/wordprocessingDrawing" xmlns:wp="http://schemas.openxmlformats.org/drawingml/2006/wordprocessingDrawing" xmlns:w10="urn:schemas-microsoft-com:office:word" xmlns:w="http://schemas.openxmlformats.org/wordprocessingml/2006/main" xmlns:w14="http://schemas.microsoft.com/office/word/2010/wordml" xmlns:w15="http://schemas.microsoft.com/office/word/2012/wordml" xmlns:w16cex="http://schemas.microsoft.com/office/word/2018/wordml/cex" xmlns:w16cid="http://schemas.microsoft.com/office/word/2016/wordml/cid" xmlns:w16="http://schemas.microsoft.com/office/word/2018/wordml" xmlns:w16du="http://schemas.microsoft.com/office/word/2023/wordml/word16du" xmlns:w16sdtdh="http://schemas.microsoft.com/office/word/2020/wordml/sdtdatahash" xmlns:w16sdtfl="http://schemas.microsoft.com/office/word/2024/wordml/sdtformatlock" xmlns:w16se="http://schemas.microsoft.com/office/word/2015/wordml/symex" xmlns:wpg="http://schemas.microsoft.com/office/word/2010/wordprocessingGroup" xmlns:wpi="http://schemas.microsoft.com/office/word/2010/wordprocessingInk" xmlns:wne="http://schemas.microsoft.com/office/word/2006/wordml" xmlns:wps="http://schemas.microsoft.com/office/word/2010/wordprocessingShape" mc:Ignorable="w14 w15 w16se w16cid w16 w16cex w16sdtdh w16sdtfl w16du wp14"><w:body><w:p w14:paraId="668BD27C" w14:textId="77777777" w:rsidR="00877D3B" w:rsidRPr="00877D3B" w:rsidRDefault="00877D3B" w:rsidP="00877D3B"><w:pPr><w:spacing w:before="100" w:beforeAutospacing="1" w:after="100" w:afterAutospacing="1" w:line="240" w:lineRule="auto"/><w:outlineLvl w:val="1"/><w:rPr><w:rFonts w:ascii="Times New Roman" w:eastAsia="Times New Roman" w:hAnsi="Times New Roman" w:cs="Times New Roman"/><w:b/><w:bCs/><w:kern w:val="0"/><w:sz w:val="36"/><w:szCs w:val="36"/><w:lang w:eastAsia="ru-RU"/><w14:ligatures w14:val="none"/></w:rPr></w:pPr><w:r w:rsidRPr="00877D3B"><w:rPr><w:rFonts w:ascii="Times New Roman" w:eastAsia="Times New Roman" w:hAnsi="Times New Roman" w:cs="Times New Roman"/><w:b/><w:bCs/><w:kern w:val="0"/><w:sz w:val="36"/><w:szCs w:val="36"/><w:lang w:eastAsia="ru-RU"/><w14:ligatures w14:val="none"/></w:rPr><w:t>Декомпозиция MVP (что делать в первую очередь)</w:t></w:r></w:p><w:p w14:paraId="1D16D343" w14:textId="77777777" w:rsidR="00877D3B" w:rsidRPr="00877D3B" w:rsidRDefault="00877D3B" w:rsidP="00877D3B"><w:pPr><w:spacing w:before="100" w:beforeAutospacing="1" w:after="100" w:afterAutospacing="1" w:line="240" w:lineRule="auto"/><w:rPr><w:rFonts w:ascii="Times New Roman" w:eastAsia="Times New Roman" w:hAnsi="Times New Roman" w:cs="Times New Roman"/><w:kern w:val="0"/><w:sz w:val="24"/><w:szCs w:val="24"/><w:lang w:eastAsia="ru-RU"/><w14:ligatures w14:val="none"/></w:rPr></w:pPr><w:r w:rsidRPr="00877D3B"><w:rPr><w:rFonts w:ascii="Times New Roman" w:eastAsia="Times New Roman" w:hAnsi="Times New Roman" w:cs="Times New Roman"/><w:kern w:val="0"/><w:sz w:val="24"/><w:szCs w:val="24"/><w:lang w:eastAsia="ru-RU"/><w14:ligatures w14:val="none"/></w:rPr><w:t>Цель этапа:</w:t></w:r></w:p><w:p w14:paraId="0FB3809E" w14:textId="77777777" w:rsidR="00877D3B" w:rsidRPr="00877D3B" w:rsidRDefault="00877D3B" w:rsidP="00877D3B"><w:pPr><w:spacing w:before="100" w:beforeAutospacing="1" w:after="100" w:afterAutospacing="1" w:line="240" w:lineRule="auto"/><w:rPr><w:rFonts w:ascii="Times New Roman" w:eastAsia="Times New Roman" w:hAnsi="Times New Roman" w:cs="Times New Roman"/><w:kern w:val="0"/><w:sz w:val="24"/><w:szCs w:val="24"/><w:lang w:eastAsia="ru-RU"/><w14:ligatures w14:val="none"/></w:rPr></w:pPr><w:r w:rsidRPr="00877D3B"><w:rPr><w:rFonts w:ascii="Times New Roman" w:eastAsia="Times New Roman" w:hAnsi="Times New Roman" w:cs="Times New Roman"/><w:b/><w:bCs/><w:kern w:val="0"/><w:sz w:val="24"/><w:szCs w:val="24"/><w:lang w:eastAsia="ru-RU"/><w14:ligatures w14:val="none"/></w:rPr><w:t>запустить рабочую платформу без перегруза</w:t></w:r><w:r w:rsidRPr="00877D3B"><w:rPr><w:rFonts w:ascii="Times New Roman" w:eastAsia="Times New Roman" w:hAnsi="Times New Roman" w:cs="Times New Roman"/><w:kern w:val="0"/><w:sz w:val="24"/><w:szCs w:val="24"/><w:lang w:eastAsia="ru-RU"/><w14:ligatures w14:val="none"/></w:rPr><w:t>, чтобы школа реально начала ею пользоваться.</w:t></w:r></w:p><w:p w14:paraId="57CDFF2B" w14:textId="334082B6" w:rsidR="00877D3B" w:rsidRPr="007607B5" w:rsidRDefault="00877D3B" w:rsidP="007607B5"><w:pPr><w:spacing w:after="0" w:line="240" w:lineRule="auto"/><w:rPr><w:rFonts w:ascii="Times New Roman" w:eastAsia="Times New Roman" w:hAnsi="Times New Roman" w:cs="Times New Roman"/><w:kern w:val="0"/><w:sz w:val="24"/><w:szCs w:val="24"/><w:lang w:eastAsia="ru-RU"/><w14:ligatures w14:val="none"/></w:rPr></w:pPr><w:r w:rsidRPr="00877D3B"><w:rPr><w:rFonts w:ascii="Times New Roman" w:eastAsia="Times New Roman" w:hAnsi="Times New Roman" w:cs="Times New Roman"/><w:kern w:val="0"/><w:sz w:val="24"/><w:szCs w:val="24"/><w:lang w:eastAsia="ru-RU"/><w14:ligatures w14:val="none"/></w:rPr><w:pict w14:anchorId="0C23BDD8"><v:rect id="_x0000_i1577" style="width:0;height:1.5pt" o:hralign="center" o:hrstd="t" o:hr="t" fillcolor="#a0a0a0" stroked="f"/></w:pict></w:r></w:p><w:p w14:paraId="257640AF" w14:textId="77777777" w:rsidR="007607B5" w:rsidRPr="007607B5" w:rsidRDefault="007607B5" w:rsidP="007607B5"><w:pPr><w:rPr><w:b/><w:bCs/><w:sz w:val="28"/><w:szCs w:val="28"/></w:rPr></w:pPr><w:r w:rsidRPr="007607B5"><w:rPr><w:rFonts w:ascii="Segoe UI Emoji" w:hAnsi="Segoe UI Emoji" w:cs="Segoe UI Emoji"/><w:b/><w:bCs/><w:sz w:val="28"/><w:szCs w:val="28"/></w:rPr><w:t>✅</w:t></w:r><w:r w:rsidRPr="007607B5"><w:rPr><w:b/><w:bCs/><w:sz w:val="28"/><w:szCs w:val="28"/></w:rPr><w:t xml:space="preserve"> MVP для </w:t></w:r><w:proofErr w:type="spellStart"/><w:r w:rsidRPr="007607B5"><w:rPr><w:b/><w:bCs/><w:sz w:val="28"/><w:szCs w:val="28"/></w:rPr><w:t>Aubakirova</w:t></w:r><w:proofErr w:type="spellEnd"/><w:r w:rsidRPr="007607B5"><w:rPr><w:b/><w:bCs/><w:sz w:val="28"/><w:szCs w:val="28"/></w:rPr><w:t xml:space="preserve"> School Connect</w:t></w:r></w:p><w:p w14:paraId="449C3CA3" w14:textId="77777777" w:rsidR="007607B5" w:rsidRPr="007607B5" w:rsidRDefault="007607B5" w:rsidP="007607B5"><w:pPr><w:rPr><w:b/><w:bCs/></w:rPr></w:pPr><w:r w:rsidRPr="007607B5"><w:rPr><w:b/><w:bCs/></w:rPr><w:t>Чек-лист «делаем точно»</w:t></w:r></w:p><w:p w14:paraId="38CF027F" w14:textId="77777777" w:rsidR="007607B5" w:rsidRPr="007607B5" w:rsidRDefault="007607B5" w:rsidP="007607B5"><w:r w:rsidRPr="007607B5"><w:t xml:space="preserve">Это </w:t></w:r><w:r w:rsidRPr="007607B5"><w:rPr><w:b/><w:bCs/></w:rPr><w:t>обязательный минимум</w:t></w:r><w:r w:rsidRPr="007607B5"><w:t>, без которого проект нельзя запускать.</w:t></w:r></w:p><w:p w14:paraId="789F8E56" w14:textId="77777777" w:rsidR="007607B5" w:rsidRPr="007607B5" w:rsidRDefault="007607B5" w:rsidP="007607B5"><w:r w:rsidRPr="007607B5"><w:pict w14:anchorId="423B2F52"><v:rect id="_x0000_i1980" style="width:0;height:1.5pt" o:hralign="center" o:hrstd="t" o:hr="t" fillcolor="#a0a0a0" stroked="f"/></w:pict></w:r></w:p><w:p w14:paraId="1C246F08" w14:textId="77777777" w:rsidR="007607B5" w:rsidRPr="007607B5" w:rsidRDefault="007607B5" w:rsidP="007607B5"><w:pPr><w:rPr><w:b/><w:bCs/></w:rPr></w:pPr><w:r w:rsidRPr="007607B5"><w:rPr><w:rFonts w:ascii="Segoe UI Emoji" w:hAnsi="Segoe UI Emoji" w:cs="Segoe UI Emoji"/><w:b/><w:bCs/></w:rPr><w:t>🔐</w:t></w:r><w:r w:rsidRPr="007607B5"><w:rPr><w:b/><w:bCs/></w:rPr><w:t xml:space="preserve"> 1. Авторизация и роли — ОБЯЗАТЕЛЬНО</w:t></w:r></w:p><w:p w14:paraId="3CC44E10" w14:textId="77777777" w:rsidR="007607B5" w:rsidRPr="007607B5" w:rsidRDefault="007607B5" w:rsidP="007607B5"><w:pPr><w:numPr><w:ilvl w:val="0"/><w:numId w:val="66"/></w:numPr></w:pPr><w:r w:rsidRPr="007607B5"><w:t>вход по логину/паролю</w:t></w:r></w:p><w:p w14:paraId="51F39294" w14:textId="77777777" w:rsidR="007607B5" w:rsidRPr="007607B5" w:rsidRDefault="007607B5" w:rsidP="007607B5"><w:pPr><w:numPr><w:ilvl w:val="0"/><w:numId w:val="66"/></w:numPr></w:pPr><w:r w:rsidRPr="007607B5"><w:t>роли: педагог / ученик / родитель / администратор</w:t></w:r></w:p><w:p w14:paraId="084B1EA5" w14:textId="77777777" w:rsidR="007607B5" w:rsidRPr="007607B5" w:rsidRDefault="007607B5" w:rsidP="007607B5"><w:pPr><w:numPr><w:ilvl w:val="0"/><w:numId w:val="66"/></w:numPr></w:pPr><w:r w:rsidRPr="007607B5"><w:t>разграничение доступа</w:t></w:r></w:p><w:p w14:paraId="44E3627A" w14:textId="77777777" w:rsidR="007607B5" w:rsidRPr="007607B5" w:rsidRDefault="007607B5" w:rsidP="007607B5"><w:r w:rsidRPr="007607B5"><w:rPr><w:rFonts w:ascii="Segoe UI Emoji" w:hAnsi="Segoe UI Emoji" w:cs="Segoe UI Emoji"/></w:rPr><w:t>👉</w:t></w:r><w:r w:rsidRPr="007607B5"><w:t xml:space="preserve"> Без этого система не существует.</w:t></w:r></w:p><w:p w14:paraId="6245C78C" w14:textId="77777777" w:rsidR="007607B5" w:rsidRPr="007607B5" w:rsidRDefault="007607B5" w:rsidP="007607B5"><w:r w:rsidRPr="007607B5"><w:pict w14:anchorId="739335E0"><v:rect id="_x0000_i1981" style="width:0;height:1.5pt" o:hralign="center" o:hrstd="t" o:hr="t" fillcolor="#a0a0a0" stroked="f"/></w:pict></w:r></w:p><w:p w14:paraId="2A052EE9" w14:textId="77777777" w:rsidR="007607B5" w:rsidRPr="007607B5" w:rsidRDefault="007607B5" w:rsidP="007607B5"><w:pPr><w:rPr><w:b/><w:bCs/></w:rPr></w:pPr><w:r w:rsidRPr="007607B5"><w:rPr><w:rFonts w:ascii="Segoe UI Emoji" w:hAnsi="Segoe UI Emoji" w:cs="Segoe UI Emoji"/><w:b/><w:bCs/></w:rPr><w:t>👤</w:t></w:r><w:r w:rsidRPr="007607B5"><w:rPr><w:b/><w:bCs/></w:rPr><w:t xml:space="preserve"> 2. Профиль ученика (ядро данных) — ОБЯЗАТЕЛЬНО</w:t></w:r></w:p><w:p w14:paraId="23E56D73" w14:textId="77777777" w:rsidR="007607B5" w:rsidRPr="007607B5" w:rsidRDefault="007607B5" w:rsidP="007607B5"><w:pPr><w:numPr><w:ilvl w:val="0"/><w:numId w:val="67"/></w:numPr></w:pPr><w:r w:rsidRPr="007607B5"><w:t>создание профиля ученика</w:t></w:r></w:p><w:p w14:paraId="33A48F39" w14:textId="77777777" w:rsidR="007607B5" w:rsidRPr="007607B5" w:rsidRDefault="007607B5" w:rsidP="007607B5"><w:pPr><w:numPr><w:ilvl w:val="0"/><w:numId w:val="67"/></w:numPr></w:pPr><w:r w:rsidRPr="007607B5"><w:t>постоянные данные</w:t></w:r></w:p><w:p w14:paraId="4B174B42" w14:textId="77777777" w:rsidR="007607B5" w:rsidRPr="007607B5" w:rsidRDefault="007607B5" w:rsidP="007607B5"><w:pPr><w:numPr><w:ilvl w:val="0"/><w:numId w:val="67"/></w:numPr></w:pPr><w:r w:rsidRPr="007607B5"><w:t>изменяемые данные</w:t></w:r></w:p><w:p w14:paraId="57AEFCBD" w14:textId="77777777" w:rsidR="007607B5" w:rsidRPr="007607B5" w:rsidRDefault="007607B5" w:rsidP="007607B5"><w:pPr><w:numPr><w:ilvl w:val="0"/><w:numId w:val="67"/></w:numPr></w:pPr><w:r w:rsidRPr="007607B5"><w:t>привязка к:</w:t></w:r></w:p><w:p w14:paraId="6F22CFB9" w14:textId="77777777" w:rsidR="007607B5" w:rsidRPr="007607B5" w:rsidRDefault="007607B5" w:rsidP="007607B5"><w:pPr><w:numPr><w:ilvl w:val="1"/><w:numId w:val="67"/></w:numPr></w:pPr><w:r w:rsidRPr="007607B5"><w:t>классу</w:t></w:r></w:p><w:p w14:paraId="2587F015" w14:textId="77777777" w:rsidR="007607B5" w:rsidRPr="007607B5" w:rsidRDefault="007607B5" w:rsidP="007607B5"><w:pPr><w:numPr><w:ilvl w:val="1"/><w:numId w:val="67"/></w:numPr></w:pPr><w:r w:rsidRPr="007607B5"><w:t>педагогу</w:t></w:r></w:p><w:p w14:paraId="6B12237A" w14:textId="77777777" w:rsidR="007607B5" w:rsidRPr="007607B5" w:rsidRDefault="007607B5" w:rsidP="007607B5"><w:pPr><w:numPr><w:ilvl w:val="1"/><w:numId w:val="67"/></w:numPr></w:pPr><w:r w:rsidRPr="007607B5"><w:t>родителю</w:t></w:r></w:p><w:p w14:paraId="31E7F4F5" w14:textId="77777777" w:rsidR="007607B5" w:rsidRPr="007607B5" w:rsidRDefault="007607B5" w:rsidP="007607B5"><w:r w:rsidRPr="007607B5"><w:rPr><w:rFonts w:ascii="Segoe UI Emoji" w:hAnsi="Segoe UI Emoji" w:cs="Segoe UI Emoji"/></w:rPr><w:t>👉</w:t></w:r><w:r w:rsidRPr="007607B5"><w:t xml:space="preserve"> Это фундамент всей платформы.</w:t></w:r></w:p><w:p w14:paraId="2AAD3BBD" w14:textId="77777777" w:rsidR="007607B5" w:rsidRPr="007607B5" w:rsidRDefault="007607B5" w:rsidP="007607B5"><w:r w:rsidRPr="007607B5"><w:pict w14:anchorId="7186D173"><v:rect id="_x0000_i1982" style="width:0;height:1.5pt" o:hralign="center" o:hrstd="t" o:hr="t" fillcolor="#a0a0a0" stroked="f"/></w:pict></w:r></w:p><w:p w14:paraId="52D9883E" w14:textId="77777777" w:rsidR="007607B5" w:rsidRPr="007607B5" w:rsidRDefault="007607B5" w:rsidP="007607B5"><w:pPr><w:rPr><w:b/><w:bCs/></w:rPr></w:pPr><w:r w:rsidRPr="007607B5"><w:rPr><w:rFonts w:ascii="Segoe UI Symbol" w:hAnsi="Segoe UI Symbol" w:cs="Segoe UI Symbol"/><w:b/><w:bCs/></w:rPr><w:t>🗓</w:t></w:r><w:r w:rsidRPr="007607B5"><w:rPr><w:b/><w:bCs/></w:rPr><w:t xml:space="preserve"> 3. Расписание — ОБЯЗАТЕЛЬНО</w:t></w:r></w:p><w:p w14:paraId="7E4C9068" w14:textId="77777777" w:rsidR="007607B5" w:rsidRPr="007607B5" w:rsidRDefault="007607B5" w:rsidP="007607B5"><w:pPr><w:numPr><w:ilvl w:val="0"/><w:numId w:val="68"/></w:numPr></w:pPr><w:r w:rsidRPr="007607B5"><w:t>просмотр расписания:</w:t></w:r></w:p><w:p w14:paraId="5A4CD679" w14:textId="77777777" w:rsidR="007607B5" w:rsidRPr="007607B5" w:rsidRDefault="007607B5" w:rsidP="007607B5"><w:pPr><w:numPr><w:ilvl w:val="1"/><w:numId w:val="68"/></w:numPr></w:pPr><w:r w:rsidRPr="007607B5"><w:t>педагогом</w:t></w:r></w:p><w:p w14:paraId="50CCC0FD" w14:textId="77777777" w:rsidR="007607B5" w:rsidRPr="007607B5" w:rsidRDefault="007607B5" w:rsidP="007607B5"><w:pPr><w:numPr><w:ilvl w:val="1"/><w:numId w:val="68"/></w:numPr></w:pPr><w:r w:rsidRPr="007607B5"><w:t>учеником</w:t></w:r></w:p><w:p w14:paraId="5A148C5D" w14:textId="77777777" w:rsidR="007607B5" w:rsidRPr="007607B5" w:rsidRDefault="007607B5" w:rsidP="007607B5"><w:pPr><w:numPr><w:ilvl w:val="1"/><w:numId w:val="68"/></w:numPr></w:pPr><w:r w:rsidRPr="007607B5"><w:t>родителем</w:t></w:r></w:p><w:p w14:paraId="6159BF8C" w14:textId="77777777" w:rsidR="007607B5" w:rsidRPr="007607B5" w:rsidRDefault="007607B5" w:rsidP="007607B5"><w:pPr><w:numPr><w:ilvl w:val="0"/><w:numId w:val="68"/></w:numPr></w:pPr><w:r w:rsidRPr="007607B5"><w:t>день / неделя</w:t></w:r></w:p><w:p w14:paraId="4B16500D" w14:textId="77777777" w:rsidR="007607B5" w:rsidRPr="007607B5" w:rsidRDefault="007607B5" w:rsidP="007607B5"><w:pPr><w:numPr><w:ilvl w:val="0"/><w:numId w:val="68"/></w:numPr></w:pPr><w:r w:rsidRPr="007607B5"><w:t>статусы занятий</w:t></w:r></w:p><w:p w14:paraId="3209D5AB" w14:textId="77777777" w:rsidR="007607B5" w:rsidRPr="007607B5" w:rsidRDefault="007607B5" w:rsidP="007607B5"><w:pPr><w:numPr><w:ilvl w:val="0"/><w:numId w:val="68"/></w:numPr></w:pPr><w:r w:rsidRPr="007607B5"><w:lastRenderedPageBreak/><w:t>замены и переносы</w:t></w:r></w:p><w:p w14:paraId="3E56DDE2" w14:textId="77777777" w:rsidR="007607B5" w:rsidRPr="007607B5" w:rsidRDefault="007607B5" w:rsidP="007607B5"><w:r w:rsidRPr="007607B5"><w:rPr><w:rFonts w:ascii="Segoe UI Emoji" w:hAnsi="Segoe UI Emoji" w:cs="Segoe UI Emoji"/></w:rPr><w:t>👉</w:t></w:r><w:r w:rsidRPr="007607B5"><w:t xml:space="preserve"> Если расписание не работает — систему не будут открывать.</w:t></w:r></w:p><w:p w14:paraId="258AFBFF" w14:textId="77777777" w:rsidR="007607B5" w:rsidRPr="007607B5" w:rsidRDefault="007607B5" w:rsidP="007607B5"><w:r w:rsidRPr="007607B5"><w:pict w14:anchorId="5C1E2B60"><v:rect id="_x0000_i1983" style="width:0;height:1.5pt" o:hralign="center" o:hrstd="t" o:hr="t" fillcolor="#a0a0a0" stroked="f"/></w:pict></w:r></w:p><w:p w14:paraId="5FF237C2" w14:textId="77777777" w:rsidR="007607B5" w:rsidRPr="007607B5" w:rsidRDefault="007607B5" w:rsidP="007607B5"><w:pPr><w:rPr><w:b/><w:bCs/></w:rPr></w:pPr><w:r w:rsidRPr="007607B5"><w:rPr><w:rFonts w:ascii="Segoe UI Emoji" w:hAnsi="Segoe UI Emoji" w:cs="Segoe UI Emoji"/><w:b/><w:bCs/></w:rPr><w:t>✔️</w:t></w:r><w:r w:rsidRPr="007607B5"><w:rPr><w:b/><w:bCs/></w:rPr><w:t xml:space="preserve"> 4. Посещаемость — ОБЯЗАТЕЛЬНО</w:t></w:r></w:p><w:p w14:paraId="6A51EA4F" w14:textId="77777777" w:rsidR="007607B5" w:rsidRPr="007607B5" w:rsidRDefault="007607B5" w:rsidP="007607B5"><w:pPr><w:numPr><w:ilvl w:val="0"/><w:numId w:val="69"/></w:numPr></w:pPr><w:r w:rsidRPr="007607B5"><w:t>отметка посещаемости педагогом</w:t></w:r></w:p><w:p w14:paraId="6396DAEC" w14:textId="77777777" w:rsidR="007607B5" w:rsidRPr="007607B5" w:rsidRDefault="007607B5" w:rsidP="007607B5"><w:pPr><w:numPr><w:ilvl w:val="0"/><w:numId w:val="69"/></w:numPr></w:pPr><w:r w:rsidRPr="007607B5"><w:t>фиксированные статусы</w:t></w:r></w:p><w:p w14:paraId="2D598419" w14:textId="77777777" w:rsidR="007607B5" w:rsidRPr="007607B5" w:rsidRDefault="007607B5" w:rsidP="007607B5"><w:pPr><w:numPr><w:ilvl w:val="0"/><w:numId w:val="69"/></w:numPr></w:pPr><w:r w:rsidRPr="007607B5"><w:t>просмотр истории учеником и родителем</w:t></w:r></w:p><w:p w14:paraId="5E2D904B" w14:textId="77777777" w:rsidR="007607B5" w:rsidRPr="007607B5" w:rsidRDefault="007607B5" w:rsidP="007607B5"><w:r w:rsidRPr="007607B5"><w:rPr><w:rFonts w:ascii="Segoe UI Emoji" w:hAnsi="Segoe UI Emoji" w:cs="Segoe UI Emoji"/></w:rPr><w:t>👉</w:t></w:r><w:r w:rsidRPr="007607B5"><w:t xml:space="preserve"> Это ключ к доверию родителей.</w:t></w:r></w:p><w:p w14:paraId="15056597" w14:textId="77777777" w:rsidR="007607B5" w:rsidRPr="007607B5" w:rsidRDefault="007607B5" w:rsidP="007607B5"><w:r w:rsidRPr="007607B5"><w:pict w14:anchorId="0C72F2CC"><v:rect id="_x0000_i1984" style="width:0;height:1.5pt" o:hralign="center" o:hrstd="t" o:hr="t" fillcolor="#a0a0a0" stroked="f"/></w:pict></w:r></w:p><w:p w14:paraId="0B170B41" w14:textId="77777777" w:rsidR="007607B5" w:rsidRPr="007607B5" w:rsidRDefault="007607B5" w:rsidP="007607B5"><w:pPr><w:rPr><w:b/><w:bCs/></w:rPr></w:pPr><w:r w:rsidRPr="007607B5"><w:rPr><w:rFonts w:ascii="Segoe UI Emoji" w:hAnsi="Segoe UI Emoji" w:cs="Segoe UI Emoji"/><w:b/><w:bCs/></w:rPr><w:t>📝</w:t></w:r><w:r w:rsidRPr="007607B5"><w:rPr><w:b/><w:bCs/></w:rPr><w:t xml:space="preserve"> 5. Домашние задания — ОБЯЗАТЕЛЬНО</w:t></w:r></w:p><w:p w14:paraId="0E177556" w14:textId="77777777" w:rsidR="007607B5" w:rsidRPr="007607B5" w:rsidRDefault="007607B5" w:rsidP="007607B5"><w:pPr><w:numPr><w:ilvl w:val="0"/><w:numId w:val="70"/></w:numPr></w:pPr><w:r w:rsidRPr="007607B5"><w:t>создание задания педагогом</w:t></w:r></w:p><w:p w14:paraId="34FD2AFA" w14:textId="77777777" w:rsidR="007607B5" w:rsidRPr="007607B5" w:rsidRDefault="007607B5" w:rsidP="007607B5"><w:pPr><w:numPr><w:ilvl w:val="0"/><w:numId w:val="70"/></w:numPr></w:pPr><w:r w:rsidRPr="007607B5"><w:t>назначение ученику или классу</w:t></w:r></w:p><w:p w14:paraId="6F667E47" w14:textId="77777777" w:rsidR="007607B5" w:rsidRPr="007607B5" w:rsidRDefault="007607B5" w:rsidP="007607B5"><w:pPr><w:numPr><w:ilvl w:val="0"/><w:numId w:val="70"/></w:numPr></w:pPr><w:r w:rsidRPr="007607B5"><w:t>прикрепление материалов</w:t></w:r></w:p><w:p w14:paraId="4A07523E" w14:textId="77777777" w:rsidR="007607B5" w:rsidRPr="007607B5" w:rsidRDefault="007607B5" w:rsidP="007607B5"><w:pPr><w:numPr><w:ilvl w:val="0"/><w:numId w:val="70"/></w:numPr></w:pPr><w:r w:rsidRPr="007607B5"><w:t>статусы выполнения</w:t></w:r></w:p><w:p w14:paraId="15EAF675" w14:textId="77777777" w:rsidR="007607B5" w:rsidRPr="007607B5" w:rsidRDefault="007607B5" w:rsidP="007607B5"><w:pPr><w:numPr><w:ilvl w:val="0"/><w:numId w:val="70"/></w:numPr></w:pPr><w:r w:rsidRPr="007607B5"><w:t>уведомления о новых заданиях</w:t></w:r></w:p><w:p w14:paraId="71FDA97D" w14:textId="77777777" w:rsidR="007607B5" w:rsidRPr="007607B5" w:rsidRDefault="007607B5" w:rsidP="007607B5"><w:r w:rsidRPr="007607B5"><w:rPr><w:rFonts w:ascii="Segoe UI Emoji" w:hAnsi="Segoe UI Emoji" w:cs="Segoe UI Emoji"/></w:rPr><w:t>👉</w:t></w:r><w:r w:rsidRPr="007607B5"><w:t xml:space="preserve"> Это ежедневное использование платформы.</w:t></w:r></w:p><w:p w14:paraId="2B5C0916" w14:textId="77777777" w:rsidR="007607B5" w:rsidRPr="007607B5" w:rsidRDefault="007607B5" w:rsidP="007607B5"><w:r w:rsidRPr="007607B5"><w:pict w14:anchorId="30D92552"><v:rect id="_x0000_i1985" style="width:0;height:1.5pt" o:hralign="center" o:hrstd="t" o:hr="t" fillcolor="#a0a0a0" stroked="f"/></w:pict></w:r></w:p><w:p w14:paraId="04D56165" w14:textId="77777777" w:rsidR="007607B5" w:rsidRPr="007607B5" w:rsidRDefault="007607B5" w:rsidP="007607B5"><w:pPr><w:rPr><w:b/><w:bCs/></w:rPr></w:pPr><w:r w:rsidRPr="007607B5"><w:rPr><w:rFonts w:ascii="Segoe UI Emoji" w:hAnsi="Segoe UI Emoji" w:cs="Segoe UI Emoji"/><w:b/><w:bCs/></w:rPr><w:t>🟡</w:t></w:r><w:r w:rsidRPr="007607B5"><w:rPr><w:b/><w:bCs/></w:rPr><w:t xml:space="preserve"> MVP+ (делаем после запуска)</w:t></w:r></w:p><w:p w14:paraId="09060F59" w14:textId="77777777" w:rsidR="007607B5" w:rsidRPr="007607B5" w:rsidRDefault="007607B5" w:rsidP="007607B5"><w:r w:rsidRPr="007607B5"><w:t xml:space="preserve">Эти блоки </w:t></w:r><w:r w:rsidRPr="007607B5"><w:rPr><w:b/><w:bCs/></w:rPr><w:t>важны</w:t></w:r><w:r w:rsidRPr="007607B5"><w:t xml:space="preserve">, но </w:t></w:r><w:r w:rsidRPr="007607B5"><w:rPr><w:b/><w:bCs/></w:rPr><w:t>не мешают старту</w:t></w:r><w:r w:rsidRPr="007607B5"><w:t>.</w:t></w:r></w:p><w:p w14:paraId="488790E3" w14:textId="77777777" w:rsidR="007607B5" w:rsidRPr="007607B5" w:rsidRDefault="007607B5" w:rsidP="007607B5"><w:r w:rsidRPr="007607B5"><w:pict w14:anchorId="157990E2"><v:rect id="_x0000_i1986" style="width:0;height:1.5pt" o:hralign="center" o:hrstd="t" o:hr="t" fillcolor="#a0a0a0" stroked="f"/></w:pict></w:r></w:p><w:p w14:paraId="13CE4037" w14:textId="77777777" w:rsidR="007607B5" w:rsidRPr="007607B5" w:rsidRDefault="007607B5" w:rsidP="007607B5"><w:pPr><w:rPr><w:b/><w:bCs/></w:rPr></w:pPr><w:r w:rsidRPr="007607B5"><w:rPr><w:rFonts w:ascii="Segoe UI Emoji" w:hAnsi="Segoe UI Emoji" w:cs="Segoe UI Emoji"/><w:b/><w:bCs/></w:rPr><w:t>🎓</w:t></w:r><w:r w:rsidRPr="007607B5"><w:rPr><w:b/><w:bCs/></w:rPr><w:t xml:space="preserve"> 6. Оценки и результаты</w:t></w:r></w:p><w:p w14:paraId="6A823919" w14:textId="77777777" w:rsidR="007607B5" w:rsidRPr="007607B5" w:rsidRDefault="007607B5" w:rsidP="007607B5"><w:pPr><w:numPr><w:ilvl w:val="0"/><w:numId w:val="71"/></w:numPr></w:pPr><w:r w:rsidRPr="007607B5"><w:t>ввод оценок</w:t></w:r></w:p><w:p w14:paraId="20D559FD" w14:textId="77777777" w:rsidR="007607B5" w:rsidRPr="007607B5" w:rsidRDefault="007607B5" w:rsidP="007607B5"><w:pPr><w:numPr><w:ilvl w:val="0"/><w:numId w:val="71"/></w:numPr></w:pPr><w:r w:rsidRPr="007607B5"><w:t>просмотр учеником и родителем</w:t></w:r></w:p><w:p w14:paraId="33E9F396" w14:textId="77777777" w:rsidR="007607B5" w:rsidRPr="007607B5" w:rsidRDefault="007607B5" w:rsidP="007607B5"><w:r w:rsidRPr="007607B5"><w:t>Добавлять после того, как педагоги привыкнут к системе.</w:t></w:r></w:p><w:p w14:paraId="31328F92" w14:textId="77777777" w:rsidR="007607B5" w:rsidRPr="007607B5" w:rsidRDefault="007607B5" w:rsidP="007607B5"><w:r w:rsidRPr="007607B5"><w:pict w14:anchorId="73B7FCA0"><v:rect id="_x0000_i1987" style="width:0;height:1.5pt" o:hralign="center" o:hrstd="t" o:hr="t" fillcolor="#a0a0a0" stroked="f"/></w:pict></w:r></w:p><w:p w14:paraId="7BBA91DA" w14:textId="77777777" w:rsidR="007607B5" w:rsidRPr="007607B5" w:rsidRDefault="007607B5" w:rsidP="007607B5"><w:pPr><w:rPr><w:b/><w:bCs/></w:rPr></w:pPr><w:r w:rsidRPr="007607B5"><w:rPr><w:rFonts w:ascii="Segoe UI Emoji" w:hAnsi="Segoe UI Emoji" w:cs="Segoe UI Emoji"/><w:b/><w:bCs/></w:rPr><w:t>🎼</w:t></w:r><w:r w:rsidRPr="007607B5"><w:rPr><w:b/><w:bCs/></w:rPr><w:t xml:space="preserve"> 7. Экзамены, концерты, мероприятия</w:t></w:r></w:p><w:p w14:paraId="3F7A52C7" w14:textId="77777777" w:rsidR="007607B5" w:rsidRPr="007607B5" w:rsidRDefault="007607B5" w:rsidP="007607B5"><w:pPr><w:numPr><w:ilvl w:val="0"/><w:numId w:val="72"/></w:numPr></w:pPr><w:r w:rsidRPr="007607B5"><w:t>календарь событий</w:t></w:r></w:p><w:p w14:paraId="52C67C6D" w14:textId="77777777" w:rsidR="007607B5" w:rsidRPr="007607B5" w:rsidRDefault="007607B5" w:rsidP="007607B5"><w:pPr><w:numPr><w:ilvl w:val="0"/><w:numId w:val="72"/></w:numPr></w:pPr><w:r w:rsidRPr="007607B5"><w:t>участие ученика</w:t></w:r></w:p><w:p w14:paraId="23A03D29" w14:textId="77777777" w:rsidR="007607B5" w:rsidRPr="007607B5" w:rsidRDefault="007607B5" w:rsidP="007607B5"><w:r w:rsidRPr="007607B5"><w:t>Можно подключить во второй волне.</w:t></w:r></w:p><w:p w14:paraId="55572662" w14:textId="77777777" w:rsidR="007607B5" w:rsidRPr="007607B5" w:rsidRDefault="007607B5" w:rsidP="007607B5"><w:r w:rsidRPr="007607B5"><w:pict w14:anchorId="74636DBF"><v:rect id="_x0000_i1988" style="width:0;height:1.5pt" o:hralign="center" o:hrstd="t" o:hr="t" fillcolor="#a0a0a0" stroked="f"/></w:pict></w:r></w:p><w:p w14:paraId="0B686B4D" w14:textId="77777777" w:rsidR="007607B5" w:rsidRPr="007607B5" w:rsidRDefault="007607B5" w:rsidP="007607B5"><w:pPr><w:rPr><w:b/><w:bCs/></w:rPr></w:pPr><w:r w:rsidRPr="007607B5"><w:rPr><w:rFonts w:ascii="Segoe UI Emoji" w:hAnsi="Segoe UI Emoji" w:cs="Segoe UI Emoji"/><w:b/><w:bCs/></w:rPr><w:t>📈</w:t></w:r><w:r w:rsidRPr="007607B5"><w:rPr><w:b/><w:bCs/></w:rPr><w:t xml:space="preserve"> 8. Прогресс и комментарии</w:t></w:r></w:p><w:p w14:paraId="3FE91974" w14:textId="77777777" w:rsidR="007607B5" w:rsidRPr="007607B5" w:rsidRDefault="007607B5" w:rsidP="007607B5"><w:pPr><w:numPr><w:ilvl w:val="0"/><w:numId w:val="73"/></w:numPr></w:pPr><w:r w:rsidRPr="007607B5"><w:t>текстовые комментарии педагога</w:t></w:r></w:p><w:p w14:paraId="6C823E9F" w14:textId="77777777" w:rsidR="007607B5" w:rsidRPr="007607B5" w:rsidRDefault="007607B5" w:rsidP="007607B5"><w:pPr><w:numPr><w:ilvl w:val="0"/><w:numId w:val="73"/></w:numPr></w:pPr><w:r w:rsidRPr="007607B5"><w:t>история по периодам</w:t></w:r></w:p><w:p w14:paraId="5BA93E8A" w14:textId="77777777" w:rsidR="007607B5" w:rsidRPr="007607B5" w:rsidRDefault="007607B5" w:rsidP="007607B5"><w:r w:rsidRPr="007607B5"><w:lastRenderedPageBreak/><w:t>Хорошо работает, когда база уже стабильна.</w:t></w:r></w:p><w:p w14:paraId="7AAD823C" w14:textId="77777777" w:rsidR="007607B5" w:rsidRDefault="007607B5"/><w:p w14:paraId="7C29680D" w14:textId="77777777" w:rsidR="007607B5" w:rsidRPr="007607B5" w:rsidRDefault="007607B5" w:rsidP="007607B5"><w:pPr><w:rPr><w:b/><w:bCs/><w:sz w:val="24"/><w:szCs w:val="24"/></w:rPr></w:pPr><w:r w:rsidRPr="007607B5"><w:rPr><w:rFonts w:ascii="Segoe UI Emoji" w:hAnsi="Segoe UI Emoji" w:cs="Segoe UI Emoji"/><w:b/><w:bCs/><w:sz w:val="24"/><w:szCs w:val="24"/></w:rPr><w:t>🧩</w:t></w:r><w:r w:rsidRPr="007607B5"><w:rPr><w:b/><w:bCs/><w:sz w:val="24"/><w:szCs w:val="24"/></w:rPr><w:t xml:space="preserve"> </w:t></w:r><w:proofErr w:type="spellStart"/><w:r w:rsidRPr="007607B5"><w:rPr><w:b/><w:bCs/><w:sz w:val="24"/><w:szCs w:val="24"/></w:rPr><w:t>Aubakirova</w:t></w:r><w:proofErr w:type="spellEnd"/><w:r w:rsidRPr="007607B5"><w:rPr><w:b/><w:bCs/><w:sz w:val="24"/><w:szCs w:val="24"/></w:rPr><w:t xml:space="preserve"> School Connect</w:t></w:r></w:p><w:p w14:paraId="5B89A80B" w14:textId="77777777" w:rsidR="007607B5" w:rsidRPr="007607B5" w:rsidRDefault="007607B5" w:rsidP="007607B5"><w:pPr><w:rPr><w:b/><w:bCs/><w:sz w:val="24"/><w:szCs w:val="24"/></w:rPr></w:pPr><w:r w:rsidRPr="007607B5"><w:rPr><w:b/><w:bCs/><w:sz w:val="24"/><w:szCs w:val="24"/></w:rPr><w:t>Общая структура платформы (10 блоков)</w:t></w:r></w:p><w:p w14:paraId="4B00886F" w14:textId="77777777" w:rsidR="007607B5" w:rsidRPr="007607B5" w:rsidRDefault="007607B5" w:rsidP="007607B5"><w:pPr><w:rPr><w:sz w:val="24"/><w:szCs w:val="24"/></w:rPr></w:pPr><w:r w:rsidRPr="007607B5"><w:rPr><w:sz w:val="24"/><w:szCs w:val="24"/></w:rPr><w:pict w14:anchorId="26DE6004"><v:rect id="_x0000_i1749" style="width:0;height:1.5pt" o:hralign="center" o:hrstd="t" o:hr="t" fillcolor="#a0a0a0" stroked="f"/></w:pict></w:r></w:p><w:p w14:paraId="6E7EED60" w14:textId="77777777" w:rsidR="007607B5" w:rsidRPr="007607B5" w:rsidRDefault="007607B5" w:rsidP="007607B5"><w:pPr><w:rPr><w:b/><w:bCs/><w:sz w:val="24"/><w:szCs w:val="24"/></w:rPr></w:pPr><w:r w:rsidRPr="007607B5"><w:rPr><w:b/><w:bCs/><w:sz w:val="24"/><w:szCs w:val="24"/></w:rPr><w:t>Блок 1. Авторизация и роли</w:t></w:r></w:p><w:p w14:paraId="16658107" w14:textId="77777777" w:rsidR="007607B5" w:rsidRPr="007607B5" w:rsidRDefault="007607B5" w:rsidP="007607B5"><w:pPr><w:rPr><w:sz w:val="24"/><w:szCs w:val="24"/></w:rPr></w:pPr><w:r w:rsidRPr="007607B5"><w:rPr><w:b/><w:bCs/><w:sz w:val="24"/><w:szCs w:val="24"/></w:rPr><w:t>Назначение:</w:t></w:r><w:r w:rsidRPr="007607B5"><w:rPr><w:sz w:val="24"/><w:szCs w:val="24"/></w:rPr><w:t xml:space="preserve"> доступ в систему.</w:t></w:r><w:r w:rsidRPr="007607B5"><w:rPr><w:sz w:val="24"/><w:szCs w:val="24"/></w:rPr><w:br/></w:r><w:r w:rsidRPr="007607B5"><w:rPr><w:b/><w:bCs/><w:sz w:val="24"/><w:szCs w:val="24"/></w:rPr><w:t>Логика:</w:t></w:r><w:r w:rsidRPr="007607B5"><w:rPr><w:sz w:val="24"/><w:szCs w:val="24"/></w:rPr><w:t xml:space="preserve"> вход по логину/паролю, автоматическое определение роли.</w:t></w:r><w:r w:rsidRPr="007607B5"><w:rPr><w:sz w:val="24"/><w:szCs w:val="24"/></w:rPr><w:br/></w:r><w:r w:rsidRPr="007607B5"><w:rPr><w:b/><w:bCs/><w:sz w:val="24"/><w:szCs w:val="24"/></w:rPr><w:t>Роли:</w:t></w:r><w:r w:rsidRPr="007607B5"><w:rPr><w:sz w:val="24"/><w:szCs w:val="24"/></w:rPr><w:t xml:space="preserve"> педагог, ученик, родитель, администратор.</w:t></w:r><w:r w:rsidRPr="007607B5"><w:rPr><w:sz w:val="24"/><w:szCs w:val="24"/></w:rPr><w:br/></w:r><w:r w:rsidRPr="007607B5"><w:rPr><w:b/><w:bCs/><w:sz w:val="24"/><w:szCs w:val="24"/></w:rPr><w:t>Важно:</w:t></w:r><w:r w:rsidRPr="007607B5"><w:rPr><w:sz w:val="24"/><w:szCs w:val="24"/></w:rPr><w:t xml:space="preserve"> строгая изоляция данных по ролям.</w:t></w:r></w:p><w:p w14:paraId="4F13947A" w14:textId="77777777" w:rsidR="007607B5" w:rsidRPr="007607B5" w:rsidRDefault="007607B5" w:rsidP="007607B5"><w:pPr><w:rPr><w:sz w:val="24"/><w:szCs w:val="24"/></w:rPr></w:pPr><w:r w:rsidRPr="007607B5"><w:rPr><w:sz w:val="24"/><w:szCs w:val="24"/></w:rPr><w:pict w14:anchorId="3C16473B"><v:rect id="_x0000_i1750" style="width:0;height:1.5pt" o:hralign="center" o:hrstd="t" o:hr="t" fillcolor="#a0a0a0" stroked="f"/></w:pict></w:r></w:p><w:p w14:paraId="3D33E93B" w14:textId="77777777" w:rsidR="007607B5" w:rsidRPr="007607B5" w:rsidRDefault="007607B5" w:rsidP="007607B5"><w:pPr><w:rPr><w:b/><w:bCs/><w:sz w:val="24"/><w:szCs w:val="24"/></w:rPr></w:pPr><w:r w:rsidRPr="007607B5"><w:rPr><w:b/><w:bCs/><w:sz w:val="24"/><w:szCs w:val="24"/></w:rPr><w:t>Блок 2. Профиль ученика (ядро)</w:t></w:r></w:p><w:p w14:paraId="0B875F44" w14:textId="77777777" w:rsidR="007607B5" w:rsidRPr="007607B5" w:rsidRDefault="007607B5" w:rsidP="007607B5"><w:pPr><w:rPr><w:sz w:val="24"/><w:szCs w:val="24"/></w:rPr></w:pPr><w:r w:rsidRPr="007607B5"><w:rPr><w:b/><w:bCs/><w:sz w:val="24"/><w:szCs w:val="24"/></w:rPr><w:t>Назначение:</w:t></w:r><w:r w:rsidRPr="007607B5"><w:rPr><w:sz w:val="24"/><w:szCs w:val="24"/></w:rPr><w:t xml:space="preserve"> единый источник данных об ученике.</w:t></w:r><w:r w:rsidRPr="007607B5"><w:rPr><w:sz w:val="24"/><w:szCs w:val="24"/></w:rPr><w:br/></w:r><w:r w:rsidRPr="007607B5"><w:rPr><w:b/><w:bCs/><w:sz w:val="24"/><w:szCs w:val="24"/></w:rPr><w:t>Логика:</w:t></w:r><w:r w:rsidRPr="007607B5"><w:rPr><w:sz w:val="24"/><w:szCs w:val="24"/></w:rPr><w:t xml:space="preserve"> постоянные и изменяемые данные, связь со всеми блоками.</w:t></w:r><w:r w:rsidRPr="007607B5"><w:rPr><w:sz w:val="24"/><w:szCs w:val="24"/></w:rPr><w:br/></w:r><w:r w:rsidRPr="007607B5"><w:rPr><w:b/><w:bCs/><w:sz w:val="24"/><w:szCs w:val="24"/></w:rPr><w:t>Роли:</w:t></w:r><w:r w:rsidRPr="007607B5"><w:rPr><w:sz w:val="24"/><w:szCs w:val="24"/></w:rPr><w:t xml:space="preserve"> просмотр — все, редактирование — администратор/педагог (частично).</w:t></w:r><w:r w:rsidRPr="007607B5"><w:rPr><w:sz w:val="24"/><w:szCs w:val="24"/></w:rPr><w:br/></w:r><w:r w:rsidRPr="007607B5"><w:rPr><w:b/><w:bCs/><w:sz w:val="24"/><w:szCs w:val="24"/></w:rPr><w:t>Важно:</w:t></w:r><w:r w:rsidRPr="007607B5"><w:rPr><w:sz w:val="24"/><w:szCs w:val="24"/></w:rPr><w:t xml:space="preserve"> профиль создаётся один раз и сохраняет историю обучения.</w:t></w:r></w:p><w:p w14:paraId="635E7D95" w14:textId="77777777" w:rsidR="007607B5" w:rsidRPr="007607B5" w:rsidRDefault="007607B5" w:rsidP="007607B5"><w:pPr><w:rPr><w:sz w:val="24"/><w:szCs w:val="24"/></w:rPr></w:pPr><w:r w:rsidRPr="007607B5"><w:rPr><w:sz w:val="24"/><w:szCs w:val="24"/></w:rPr><w:pict w14:anchorId="3DB76ABD"><v:rect id="_x0000_i1751" style="width:0;height:1.5pt" o:hralign="center" o:hrstd="t" o:hr="t" fillcolor="#a0a0a0" stroked="f"/></w:pict></w:r></w:p><w:p w14:paraId="3B049AB7" w14:textId="77777777" w:rsidR="007607B5" w:rsidRPr="007607B5" w:rsidRDefault="007607B5" w:rsidP="007607B5"><w:pPr><w:rPr><w:b/><w:bCs/><w:sz w:val="24"/><w:szCs w:val="24"/></w:rPr></w:pPr><w:r w:rsidRPr="007607B5"><w:rPr><w:b/><w:bCs/><w:sz w:val="24"/><w:szCs w:val="24"/></w:rPr><w:t>Блок 3. Расписание</w:t></w:r></w:p><w:p w14:paraId="3AB0334D" w14:textId="77777777" w:rsidR="007607B5" w:rsidRPr="007607B5" w:rsidRDefault="007607B5" w:rsidP="007607B5"><w:pPr><w:rPr><w:sz w:val="24"/><w:szCs w:val="24"/></w:rPr></w:pPr><w:r w:rsidRPr="007607B5"><w:rPr><w:b/><w:bCs/><w:sz w:val="24"/><w:szCs w:val="24"/></w:rPr><w:t>Назначение:</w:t></w:r><w:r w:rsidRPr="007607B5"><w:rPr><w:sz w:val="24"/><w:szCs w:val="24"/></w:rPr><w:t xml:space="preserve"> ориентир учебного дня.</w:t></w:r><w:r w:rsidRPr="007607B5"><w:rPr><w:sz w:val="24"/><w:szCs w:val="24"/></w:rPr><w:br/></w:r><w:r w:rsidRPr="007607B5"><w:rPr><w:b/><w:bCs/><w:sz w:val="24"/><w:szCs w:val="24"/></w:rPr><w:t>Логика:</w:t></w:r><w:r w:rsidRPr="007607B5"><w:rPr><w:sz w:val="24"/><w:szCs w:val="24"/></w:rPr><w:t xml:space="preserve"> занятия, статусы, замены, переносы.</w:t></w:r><w:r w:rsidRPr="007607B5"><w:rPr><w:sz w:val="24"/><w:szCs w:val="24"/></w:rPr><w:br/></w:r><w:r w:rsidRPr="007607B5"><w:rPr><w:b/><w:bCs/><w:sz w:val="24"/><w:szCs w:val="24"/></w:rPr><w:t>Роли:</w:t></w:r><w:r w:rsidRPr="007607B5"><w:rPr><w:sz w:val="24"/><w:szCs w:val="24"/></w:rPr><w:t xml:space="preserve"> просмотр — все, редактирование — администратор.</w:t></w:r><w:r w:rsidRPr="007607B5"><w:rPr><w:sz w:val="24"/><w:szCs w:val="24"/></w:rPr><w:br/></w:r><w:r w:rsidRPr="007607B5"><w:rPr><w:b/><w:bCs/><w:sz w:val="24"/><w:szCs w:val="24"/></w:rPr><w:t>Важно:</w:t></w:r><w:r w:rsidRPr="007607B5"><w:rPr><w:sz w:val="24"/><w:szCs w:val="24"/></w:rPr><w:t xml:space="preserve"> ничего не удаляется, все изменения фиксируются.</w:t></w:r></w:p><w:p w14:paraId="14ACDC21" w14:textId="77777777" w:rsidR="007607B5" w:rsidRPr="007607B5" w:rsidRDefault="007607B5" w:rsidP="007607B5"><w:pPr><w:rPr><w:sz w:val="24"/><w:szCs w:val="24"/></w:rPr></w:pPr><w:r w:rsidRPr="007607B5"><w:rPr><w:sz w:val="24"/><w:szCs w:val="24"/></w:rPr><w:pict w14:anchorId="4086B95D"><v:rect id="_x0000_i1752" style="width:0;height:1.5pt" o:hralign="center" o:hrstd="t" o:hr="t" fillcolor="#a0a0a0" stroked="f"/></w:pict></w:r></w:p><w:p w14:paraId="46859895" w14:textId="77777777" w:rsidR="007607B5" w:rsidRPr="007607B5" w:rsidRDefault="007607B5" w:rsidP="007607B5"><w:pPr><w:rPr><w:b/><w:bCs/><w:sz w:val="24"/><w:szCs w:val="24"/></w:rPr></w:pPr><w:r w:rsidRPr="007607B5"><w:rPr><w:b/><w:bCs/><w:sz w:val="24"/><w:szCs w:val="24"/></w:rPr><w:t>Блок 4. Посещаемость</w:t></w:r></w:p><w:p w14:paraId="0E3B679F" w14:textId="77777777" w:rsidR="007607B5" w:rsidRPr="007607B5" w:rsidRDefault="007607B5" w:rsidP="007607B5"><w:pPr><w:rPr><w:sz w:val="24"/><w:szCs w:val="24"/></w:rPr></w:pPr><w:r w:rsidRPr="007607B5"><w:rPr><w:b/><w:bCs/><w:sz w:val="24"/><w:szCs w:val="24"/></w:rPr><w:t>Назначение:</w:t></w:r><w:r w:rsidRPr="007607B5"><w:rPr><w:sz w:val="24"/><w:szCs w:val="24"/></w:rPr><w:t xml:space="preserve"> фиксация факта присутствия.</w:t></w:r><w:r w:rsidRPr="007607B5"><w:rPr><w:sz w:val="24"/><w:szCs w:val="24"/></w:rPr><w:br/></w:r><w:r w:rsidRPr="007607B5"><w:rPr><w:b/><w:bCs/><w:sz w:val="24"/><w:szCs w:val="24"/></w:rPr><w:t>Логика:</w:t></w:r><w:r w:rsidRPr="007607B5"><w:rPr><w:sz w:val="24"/><w:szCs w:val="24"/></w:rPr><w:t xml:space="preserve"> отметка по каждому занятию (был / не был / болел / опоздал).</w:t></w:r><w:r w:rsidRPr="007607B5"><w:rPr><w:sz w:val="24"/><w:szCs w:val="24"/></w:rPr><w:br/></w:r><w:r w:rsidRPr="007607B5"><w:rPr><w:b/><w:bCs/><w:sz w:val="24"/><w:szCs w:val="24"/></w:rPr><w:t>Роли:</w:t></w:r><w:r w:rsidRPr="007607B5"><w:rPr><w:sz w:val="24"/><w:szCs w:val="24"/></w:rPr><w:t xml:space="preserve"> ввод — педагог, просмотр — ученик/родитель.</w:t></w:r><w:r w:rsidRPr="007607B5"><w:rPr><w:sz w:val="24"/><w:szCs w:val="24"/></w:rPr><w:br/></w:r><w:r w:rsidRPr="007607B5"><w:rPr><w:b/><w:bCs/><w:sz w:val="24"/><w:szCs w:val="24"/></w:rPr><w:t>Важно:</w:t></w:r><w:r w:rsidRPr="007607B5"><w:rPr><w:sz w:val="24"/><w:szCs w:val="24"/></w:rPr><w:t xml:space="preserve"> посещаемость всегда привязана к занятию.</w:t></w:r></w:p><w:p w14:paraId="1802E9EC" w14:textId="77777777" w:rsidR="007607B5" w:rsidRPr="007607B5" w:rsidRDefault="007607B5" w:rsidP="007607B5"><w:pPr><w:rPr><w:sz w:val="24"/><w:szCs w:val="24"/></w:rPr></w:pPr><w:r w:rsidRPr="007607B5"><w:rPr><w:sz w:val="24"/><w:szCs w:val="24"/></w:rPr><w:pict w14:anchorId="0B82036C"><v:rect id="_x0000_i1753" style="width:0;height:1.5pt" o:hralign="center" o:hrstd="t" o:hr="t" fillcolor="#a0a0a0" stroked="f"/></w:pict></w:r></w:p><w:p w14:paraId="42D4CE30" w14:textId="77777777" w:rsidR="007607B5" w:rsidRPr="007607B5" w:rsidRDefault="007607B5" w:rsidP="007607B5"><w:pPr><w:rPr><w:b/><w:bCs/><w:sz w:val="24"/><w:szCs w:val="24"/></w:rPr></w:pPr><w:r w:rsidRPr="007607B5"><w:rPr><w:b/><w:bCs/><w:sz w:val="24"/><w:szCs w:val="24"/></w:rPr><w:t>Блок 5. Домашние задания</w:t></w:r></w:p><w:p w14:paraId="78F6DDE7" w14:textId="77777777" w:rsidR="007607B5" w:rsidRPr="007607B5" w:rsidRDefault="007607B5" w:rsidP="007607B5"><w:pPr><w:rPr><w:sz w:val="24"/><w:szCs w:val="24"/></w:rPr></w:pPr><w:r w:rsidRPr="007607B5"><w:rPr><w:b/><w:bCs/><w:sz w:val="24"/><w:szCs w:val="24"/></w:rPr><w:t>Назначение:</w:t></w:r><w:r w:rsidRPr="007607B5"><w:rPr><w:sz w:val="24"/><w:szCs w:val="24"/></w:rPr><w:t xml:space="preserve"> организация самостоятельной работы.</w:t></w:r><w:r w:rsidRPr="007607B5"><w:rPr><w:sz w:val="24"/><w:szCs w:val="24"/></w:rPr><w:br/></w:r><w:r w:rsidRPr="007607B5"><w:rPr><w:b/><w:bCs/><w:sz w:val="24"/><w:szCs w:val="24"/></w:rPr><w:t>Логика:</w:t></w:r><w:r w:rsidRPr="007607B5"><w:rPr><w:sz w:val="24"/><w:szCs w:val="24"/></w:rPr><w:t xml:space="preserve"> назначение задания ученику или классу, статусы выполнения.</w:t></w:r><w:r w:rsidRPr="007607B5"><w:rPr><w:sz w:val="24"/><w:szCs w:val="24"/></w:rPr><w:br/></w:r><w:r w:rsidRPr="007607B5"><w:rPr><w:b/><w:bCs/><w:sz w:val="24"/><w:szCs w:val="24"/></w:rPr><w:t>Роли:</w:t></w:r><w:r w:rsidRPr="007607B5"><w:rPr><w:sz w:val="24"/><w:szCs w:val="24"/></w:rPr><w:t xml:space="preserve"> создание — педагог, просмотр — ученик/родитель.</w:t></w:r><w:r w:rsidRPr="007607B5"><w:rPr><w:sz w:val="24"/><w:szCs w:val="24"/></w:rPr><w:br/></w:r><w:r w:rsidRPr="007607B5"><w:rPr><w:b/><w:bCs/><w:sz w:val="24"/><w:szCs w:val="24"/></w:rPr><w:t>Важно:</w:t></w:r><w:r w:rsidRPr="007607B5"><w:rPr><w:sz w:val="24"/><w:szCs w:val="24"/></w:rPr><w:t xml:space="preserve"> задание — не чат и не отчёт.</w:t></w:r></w:p><w:p w14:paraId="31ABD849" w14:textId="77777777" w:rsidR="007607B5" w:rsidRPr="007607B5" w:rsidRDefault="007607B5" w:rsidP="007607B5"><w:pPr><w:rPr><w:sz w:val="24"/><w:szCs w:val="24"/></w:rPr></w:pPr><w:r w:rsidRPr="007607B5"><w:rPr><w:sz w:val="24"/><w:szCs w:val="24"/></w:rPr><w:pict w14:anchorId="15CA0986"><v:rect id="_x0000_i1754" style="width:0;height:1.5pt" o:hralign="center" o:hrstd="t" o:hr="t" fillcolor="#a0a0a0" stroked="f"/></w:pict></w:r></w:p><w:p w14:paraId="28953B9E" w14:textId="77777777" w:rsidR="007607B5" w:rsidRPr="007607B5" w:rsidRDefault="007607B5" w:rsidP="007607B5"><w:pPr><w:rPr><w:b/><w:bCs/><w:sz w:val="24"/><w:szCs w:val="24"/></w:rPr></w:pPr><w:r w:rsidRPr="007607B5"><w:rPr><w:b/><w:bCs/><w:sz w:val="24"/><w:szCs w:val="24"/></w:rPr><w:t>Блок 6. Оценки и результаты</w:t></w:r></w:p><w:p w14:paraId="001CE0BD" w14:textId="77777777" w:rsidR="007607B5" w:rsidRPr="007607B5" w:rsidRDefault="007607B5" w:rsidP="007607B5"><w:pPr><w:rPr><w:sz w:val="24"/><w:szCs w:val="24"/></w:rPr></w:pPr><w:r w:rsidRPr="007607B5"><w:rPr><w:b/><w:bCs/><w:sz w:val="24"/><w:szCs w:val="24"/></w:rPr><w:lastRenderedPageBreak/><w:t>Назначение:</w:t></w:r><w:r w:rsidRPr="007607B5"><w:rPr><w:sz w:val="24"/><w:szCs w:val="24"/></w:rPr><w:t xml:space="preserve"> фиксация учебных достижений.</w:t></w:r><w:r w:rsidRPr="007607B5"><w:rPr><w:sz w:val="24"/><w:szCs w:val="24"/></w:rPr><w:br/></w:r><w:r w:rsidRPr="007607B5"><w:rPr><w:b/><w:bCs/><w:sz w:val="24"/><w:szCs w:val="24"/></w:rPr><w:t>Логика:</w:t></w:r><w:r w:rsidRPr="007607B5"><w:rPr><w:sz w:val="24"/><w:szCs w:val="24"/></w:rPr><w:t xml:space="preserve"> оценки за урок, зачёт, экзамен.</w:t></w:r><w:r w:rsidRPr="007607B5"><w:rPr><w:sz w:val="24"/><w:szCs w:val="24"/></w:rPr><w:br/></w:r><w:r w:rsidRPr="007607B5"><w:rPr><w:b/><w:bCs/><w:sz w:val="24"/><w:szCs w:val="24"/></w:rPr><w:t>Роли:</w:t></w:r><w:r w:rsidRPr="007607B5"><w:rPr><w:sz w:val="24"/><w:szCs w:val="24"/></w:rPr><w:t xml:space="preserve"> ввод — педагог, просмотр — ученик/родитель.</w:t></w:r><w:r w:rsidRPr="007607B5"><w:rPr><w:sz w:val="24"/><w:szCs w:val="24"/></w:rPr><w:br/></w:r><w:r w:rsidRPr="007607B5"><w:rPr><w:b/><w:bCs/><w:sz w:val="24"/><w:szCs w:val="24"/></w:rPr><w:t>Важно:</w:t></w:r><w:r w:rsidRPr="007607B5"><w:rPr><w:sz w:val="24"/><w:szCs w:val="24"/></w:rPr><w:t xml:space="preserve"> без рейтингов и сравнений.</w:t></w:r></w:p><w:p w14:paraId="6EE658F2" w14:textId="77777777" w:rsidR="007607B5" w:rsidRPr="007607B5" w:rsidRDefault="007607B5" w:rsidP="007607B5"><w:pPr><w:rPr><w:sz w:val="24"/><w:szCs w:val="24"/></w:rPr></w:pPr><w:r w:rsidRPr="007607B5"><w:rPr><w:sz w:val="24"/><w:szCs w:val="24"/></w:rPr><w:pict w14:anchorId="02DC1181"><v:rect id="_x0000_i1755" style="width:0;height:1.5pt" o:hralign="center" o:hrstd="t" o:hr="t" fillcolor="#a0a0a0" stroked="f"/></w:pict></w:r></w:p><w:p w14:paraId="15EF3527" w14:textId="77777777" w:rsidR="007607B5" w:rsidRPr="007607B5" w:rsidRDefault="007607B5" w:rsidP="007607B5"><w:pPr><w:rPr><w:b/><w:bCs/><w:sz w:val="24"/><w:szCs w:val="24"/></w:rPr></w:pPr><w:r w:rsidRPr="007607B5"><w:rPr><w:b/><w:bCs/><w:sz w:val="24"/><w:szCs w:val="24"/></w:rPr><w:t>Блок 7. Экзамены, концерты, мероприятия</w:t></w:r></w:p><w:p w14:paraId="14D6D6FD" w14:textId="77777777" w:rsidR="007607B5" w:rsidRPr="007607B5" w:rsidRDefault="007607B5" w:rsidP="007607B5"><w:pPr><w:rPr><w:sz w:val="24"/><w:szCs w:val="24"/></w:rPr></w:pPr><w:r w:rsidRPr="007607B5"><w:rPr><w:b/><w:bCs/><w:sz w:val="24"/><w:szCs w:val="24"/></w:rPr><w:t>Назначение:</w:t></w:r><w:r w:rsidRPr="007607B5"><w:rPr><w:sz w:val="24"/><w:szCs w:val="24"/></w:rPr><w:t xml:space="preserve"> календарь ключевых событий школы.</w:t></w:r><w:r w:rsidRPr="007607B5"><w:rPr><w:sz w:val="24"/><w:szCs w:val="24"/></w:rPr><w:br/></w:r><w:r w:rsidRPr="007607B5"><w:rPr><w:b/><w:bCs/><w:sz w:val="24"/><w:szCs w:val="24"/></w:rPr><w:t>Логика:</w:t></w:r><w:r w:rsidRPr="007607B5"><w:rPr><w:sz w:val="24"/><w:szCs w:val="24"/></w:rPr><w:t xml:space="preserve"> события, даты, участие учеников.</w:t></w:r><w:r w:rsidRPr="007607B5"><w:rPr><w:sz w:val="24"/><w:szCs w:val="24"/></w:rPr><w:br/></w:r><w:r w:rsidRPr="007607B5"><w:rPr><w:b/><w:bCs/><w:sz w:val="24"/><w:szCs w:val="24"/></w:rPr><w:t>Роли:</w:t></w:r><w:r w:rsidRPr="007607B5"><w:rPr><w:sz w:val="24"/><w:szCs w:val="24"/></w:rPr><w:t xml:space="preserve"> создание — администратор, просмотр — все.</w:t></w:r><w:r w:rsidRPr="007607B5"><w:rPr><w:sz w:val="24"/><w:szCs w:val="24"/></w:rPr><w:br/></w:r><w:r w:rsidRPr="007607B5"><w:rPr><w:b/><w:bCs/><w:sz w:val="24"/><w:szCs w:val="24"/></w:rPr><w:t>Важно:</w:t></w:r><w:r w:rsidRPr="007607B5"><w:rPr><w:sz w:val="24"/><w:szCs w:val="24"/></w:rPr><w:t xml:space="preserve"> событие ≠ учебное занятие.</w:t></w:r></w:p><w:p w14:paraId="110255C5" w14:textId="77777777" w:rsidR="007607B5" w:rsidRPr="007607B5" w:rsidRDefault="007607B5" w:rsidP="007607B5"><w:pPr><w:rPr><w:sz w:val="24"/><w:szCs w:val="24"/></w:rPr></w:pPr><w:r w:rsidRPr="007607B5"><w:rPr><w:sz w:val="24"/><w:szCs w:val="24"/></w:rPr><w:pict w14:anchorId="4F9841B4"><v:rect id="_x0000_i1756" style="width:0;height:1.5pt" o:hralign="center" o:hrstd="t" o:hr="t" fillcolor="#a0a0a0" stroked="f"/></w:pict></w:r></w:p><w:p w14:paraId="21A12057" w14:textId="77777777" w:rsidR="007607B5" w:rsidRPr="007607B5" w:rsidRDefault="007607B5" w:rsidP="007607B5"><w:pPr><w:rPr><w:b/><w:bCs/><w:sz w:val="24"/><w:szCs w:val="24"/></w:rPr></w:pPr><w:r w:rsidRPr="007607B5"><w:rPr><w:b/><w:bCs/><w:sz w:val="24"/><w:szCs w:val="24"/></w:rPr><w:t>Блок 8. Прогресс и комментарии</w:t></w:r></w:p><w:p w14:paraId="3D625ECE" w14:textId="77777777" w:rsidR="007607B5" w:rsidRPr="007607B5" w:rsidRDefault="007607B5" w:rsidP="007607B5"><w:pPr><w:rPr><w:sz w:val="24"/><w:szCs w:val="24"/></w:rPr></w:pPr><w:r w:rsidRPr="007607B5"><w:rPr><w:b/><w:bCs/><w:sz w:val="24"/><w:szCs w:val="24"/></w:rPr><w:t>Назначение:</w:t></w:r><w:r w:rsidRPr="007607B5"><w:rPr><w:sz w:val="24"/><w:szCs w:val="24"/></w:rPr><w:t xml:space="preserve"> качественная оценка развития.</w:t></w:r><w:r w:rsidRPr="007607B5"><w:rPr><w:sz w:val="24"/><w:szCs w:val="24"/></w:rPr><w:br/></w:r><w:r w:rsidRPr="007607B5"><w:rPr><w:b/><w:bCs/><w:sz w:val="24"/><w:szCs w:val="24"/></w:rPr><w:t>Логика:</w:t></w:r><w:r w:rsidRPr="007607B5"><w:rPr><w:sz w:val="24"/><w:szCs w:val="24"/></w:rPr><w:t xml:space="preserve"> текстовые комментарии педагога по периодам.</w:t></w:r><w:r w:rsidRPr="007607B5"><w:rPr><w:sz w:val="24"/><w:szCs w:val="24"/></w:rPr><w:br/></w:r><w:r w:rsidRPr="007607B5"><w:rPr><w:b/><w:bCs/><w:sz w:val="24"/><w:szCs w:val="24"/></w:rPr><w:t>Роли:</w:t></w:r><w:r w:rsidRPr="007607B5"><w:rPr><w:sz w:val="24"/><w:szCs w:val="24"/></w:rPr><w:t xml:space="preserve"> ввод — педагог, просмотр — ученик/родитель.</w:t></w:r><w:r w:rsidRPr="007607B5"><w:rPr><w:sz w:val="24"/><w:szCs w:val="24"/></w:rPr><w:br/></w:r><w:r w:rsidRPr="007607B5"><w:rPr><w:b/><w:bCs/><w:sz w:val="24"/><w:szCs w:val="24"/></w:rPr><w:t>Важно:</w:t></w:r><w:r w:rsidRPr="007607B5"><w:rPr><w:sz w:val="24"/><w:szCs w:val="24"/></w:rPr><w:t xml:space="preserve"> комментарий не заменяет оценку.</w:t></w:r></w:p><w:p w14:paraId="01DBDD55" w14:textId="77777777" w:rsidR="007607B5" w:rsidRPr="007607B5" w:rsidRDefault="007607B5" w:rsidP="007607B5"><w:pPr><w:rPr><w:sz w:val="24"/><w:szCs w:val="24"/></w:rPr></w:pPr><w:r w:rsidRPr="007607B5"><w:rPr><w:sz w:val="24"/><w:szCs w:val="24"/></w:rPr><w:pict w14:anchorId="1F1D66F1"><v:rect id="_x0000_i1757" style="width:0;height:1.5pt" o:hralign="center" o:hrstd="t" o:hr="t" fillcolor="#a0a0a0" stroked="f"/></w:pict></w:r></w:p><w:p w14:paraId="6AC6A6D8" w14:textId="77777777" w:rsidR="007607B5" w:rsidRPr="007607B5" w:rsidRDefault="007607B5" w:rsidP="007607B5"><w:pPr><w:rPr><w:b/><w:bCs/><w:sz w:val="24"/><w:szCs w:val="24"/></w:rPr></w:pPr><w:r w:rsidRPr="007607B5"><w:rPr><w:b/><w:bCs/><w:sz w:val="24"/><w:szCs w:val="24"/></w:rPr><w:t>Блок 9. Коммуникации (служебные)</w:t></w:r></w:p><w:p w14:paraId="61FBA9AD" w14:textId="77777777" w:rsidR="007607B5" w:rsidRPr="007607B5" w:rsidRDefault="007607B5" w:rsidP="007607B5"><w:pPr><w:rPr><w:sz w:val="24"/><w:szCs w:val="24"/></w:rPr></w:pPr><w:r w:rsidRPr="007607B5"><w:rPr><w:b/><w:bCs/><w:sz w:val="24"/><w:szCs w:val="24"/></w:rPr><w:t>Назначение:</w:t></w:r><w:r w:rsidRPr="007607B5"><w:rPr><w:sz w:val="24"/><w:szCs w:val="24"/></w:rPr><w:t xml:space="preserve"> официальная связь внутри школы.</w:t></w:r><w:r w:rsidRPr="007607B5"><w:rPr><w:sz w:val="24"/><w:szCs w:val="24"/></w:rPr><w:br/></w:r><w:r w:rsidRPr="007607B5"><w:rPr><w:b/><w:bCs/><w:sz w:val="24"/><w:szCs w:val="24"/></w:rPr><w:t>Логика:</w:t></w:r><w:r w:rsidRPr="007607B5"><w:rPr><w:sz w:val="24"/><w:szCs w:val="24"/></w:rPr><w:t xml:space="preserve"> сообщения и уведомления по учебному процессу.</w:t></w:r><w:r w:rsidRPr="007607B5"><w:rPr><w:sz w:val="24"/><w:szCs w:val="24"/></w:rPr><w:br/></w:r><w:r w:rsidRPr="007607B5"><w:rPr><w:b/><w:bCs/><w:sz w:val="24"/><w:szCs w:val="24"/></w:rPr><w:t>Роли:</w:t></w:r><w:r w:rsidRPr="007607B5"><w:rPr><w:sz w:val="24"/><w:szCs w:val="24"/></w:rPr><w:t xml:space="preserve"> отправка — педагог/администрация, получение — ученик/родитель.</w:t></w:r><w:r w:rsidRPr="007607B5"><w:rPr><w:sz w:val="24"/><w:szCs w:val="24"/></w:rPr><w:br/></w:r><w:r w:rsidRPr="007607B5"><w:rPr><w:b/><w:bCs/><w:sz w:val="24"/><w:szCs w:val="24"/></w:rPr><w:t>Важно:</w:t></w:r><w:r w:rsidRPr="007607B5"><w:rPr><w:sz w:val="24"/><w:szCs w:val="24"/></w:rPr><w:t xml:space="preserve"> не мессенджер, без обсуждений.</w:t></w:r></w:p><w:p w14:paraId="0EA93056" w14:textId="77777777" w:rsidR="007607B5" w:rsidRPr="007607B5" w:rsidRDefault="007607B5" w:rsidP="007607B5"><w:pPr><w:rPr><w:sz w:val="24"/><w:szCs w:val="24"/></w:rPr></w:pPr><w:r w:rsidRPr="007607B5"><w:rPr><w:sz w:val="24"/><w:szCs w:val="24"/></w:rPr><w:pict w14:anchorId="46030025"><v:rect id="_x0000_i1758" style="width:0;height:1.5pt" o:hralign="center" o:hrstd="t" o:hr="t" fillcolor="#a0a0a0" stroked="f"/></w:pict></w:r></w:p><w:p w14:paraId="0BB00898" w14:textId="77777777" w:rsidR="007607B5" w:rsidRPr="007607B5" w:rsidRDefault="007607B5" w:rsidP="007607B5"><w:pPr><w:rPr><w:b/><w:bCs/><w:sz w:val="24"/><w:szCs w:val="24"/></w:rPr></w:pPr><w:r w:rsidRPr="007607B5"><w:rPr><w:b/><w:bCs/><w:sz w:val="24"/><w:szCs w:val="24"/></w:rPr><w:t>Блок 10. Администрирование</w:t></w:r></w:p><w:p w14:paraId="7B466F47" w14:textId="77777777" w:rsidR="007607B5" w:rsidRPr="007607B5" w:rsidRDefault="007607B5" w:rsidP="007607B5"><w:pPr><w:rPr><w:sz w:val="24"/><w:szCs w:val="24"/></w:rPr></w:pPr><w:r w:rsidRPr="007607B5"><w:rPr><w:b/><w:bCs/><w:sz w:val="24"/><w:szCs w:val="24"/></w:rPr><w:t>Назначение:</w:t></w:r><w:r w:rsidRPr="007607B5"><w:rPr><w:sz w:val="24"/><w:szCs w:val="24"/></w:rPr><w:t xml:space="preserve"> управление системой.</w:t></w:r><w:r w:rsidRPr="007607B5"><w:rPr><w:sz w:val="24"/><w:szCs w:val="24"/></w:rPr><w:br/></w:r><w:r w:rsidRPr="007607B5"><w:rPr><w:b/><w:bCs/><w:sz w:val="24"/><w:szCs w:val="24"/></w:rPr><w:t>Логика:</w:t></w:r><w:r w:rsidRPr="007607B5"><w:rPr><w:sz w:val="24"/><w:szCs w:val="24"/></w:rPr><w:t xml:space="preserve"> пользователи, классы, учебные годы, роли.</w:t></w:r><w:r w:rsidRPr="007607B5"><w:rPr><w:sz w:val="24"/><w:szCs w:val="24"/></w:rPr><w:br/></w:r><w:r w:rsidRPr="007607B5"><w:rPr><w:b/><w:bCs/><w:sz w:val="24"/><w:szCs w:val="24"/></w:rPr><w:t>Роли:</w:t></w:r><w:r w:rsidRPr="007607B5"><w:rPr><w:sz w:val="24"/><w:szCs w:val="24"/></w:rPr><w:t xml:space="preserve"> только администратор.</w:t></w:r><w:r w:rsidRPr="007607B5"><w:rPr><w:sz w:val="24"/><w:szCs w:val="24"/></w:rPr><w:br/></w:r><w:r w:rsidRPr="007607B5"><w:rPr><w:b/><w:bCs/><w:sz w:val="24"/><w:szCs w:val="24"/></w:rPr><w:t>Важно:</w:t></w:r><w:r w:rsidRPr="007607B5"><w:rPr><w:sz w:val="24"/><w:szCs w:val="24"/></w:rPr><w:t xml:space="preserve"> аудит и контроль изменений.</w:t></w:r></w:p><w:p w14:paraId="0870C8FA" w14:textId="77777777" w:rsidR="007607B5" w:rsidRPr="007607B5" w:rsidRDefault="007607B5"><w:pPr><w:rPr><w:sz w:val="24"/><w:szCs w:val="24"/></w:rPr></w:pPr></w:p><w:sectPr w:rsidR="007607B5" w:rsidRPr="007607B5" w:rsidSect="007607B5"><w:pgSz w:w="11906" w:h="16838"/><w:pgMar w:top="851" w:right="1440" w:bottom="993" w:left="1440" w:header="708" w:footer="708" w:gutter="0"/><w:cols w:space="708"/><w:docGrid w:linePitch="360"/></w:sectPr></w:body></w:document>