<?xml version="1.0" encoding="UTF-8" standalone="yes"?>
<w:document xmlns:wpc="http://schemas.microsoft.com/office/word/2010/wordprocessingCanvas" xmlns:cx="http://schemas.microsoft.com/office/drawing/2014/chartex" xmlns:cx1="http://schemas.microsoft.com/office/drawing/2015/9/8/chartex" xmlns:cx2="http://schemas.microsoft.com/office/drawing/2015/10/21/chartex" xmlns:cx3="http://schemas.microsoft.com/office/drawing/2016/5/9/chartex" xmlns:cx4="http://schemas.microsoft.com/office/drawing/2016/5/10/chartex" xmlns:cx5="http://schemas.microsoft.com/office/drawing/2016/5/11/chartex" xmlns:cx6="http://schemas.microsoft.com/office/drawing/2016/5/12/chartex" xmlns:cx7="http://schemas.microsoft.com/office/drawing/2016/5/13/chartex" xmlns:cx8="http://schemas.microsoft.com/office/drawing/2016/5/14/chartex" xmlns:mc="http://schemas.openxmlformats.org/markup-compatibility/2006" xmlns:aink="http://schemas.microsoft.com/office/drawing/2016/ink" xmlns:am3d="http://schemas.microsoft.com/office/drawing/2017/model3d" xmlns:o="urn:schemas-microsoft-com:office:office" xmlns:oel="http://schemas.microsoft.com/office/2019/extlst" xmlns:r="http://schemas.openxmlformats.org/officeDocument/2006/relationships" xmlns:m="http://schemas.openxmlformats.org/officeDocument/2006/math" xmlns:v="urn:schemas-microsoft-com:vml" xmlns:wp14="http://schemas.microsoft.com/office/word/2010/wordprocessingDrawing" xmlns:wp="http://schemas.openxmlformats.org/drawingml/2006/wordprocessingDrawing" xmlns:w10="urn:schemas-microsoft-com:office:word" xmlns:w="http://schemas.openxmlformats.org/wordprocessingml/2006/main" xmlns:w14="http://schemas.microsoft.com/office/word/2010/wordml" xmlns:w15="http://schemas.microsoft.com/office/word/2012/wordml" xmlns:w16cex="http://schemas.microsoft.com/office/word/2018/wordml/cex" xmlns:w16cid="http://schemas.microsoft.com/office/word/2016/wordml/cid" xmlns:w16="http://schemas.microsoft.com/office/word/2018/wordml" xmlns:w16du="http://schemas.microsoft.com/office/word/2023/wordml/word16du" xmlns:w16sdtdh="http://schemas.microsoft.com/office/word/2020/wordml/sdtdatahash" xmlns:w16sdtfl="http://schemas.microsoft.com/office/word/2024/wordml/sdtformatlock" xmlns:w16se="http://schemas.microsoft.com/office/word/2015/wordml/symex" xmlns:wpg="http://schemas.microsoft.com/office/word/2010/wordprocessingGroup" xmlns:wpi="http://schemas.microsoft.com/office/word/2010/wordprocessingInk" xmlns:wne="http://schemas.microsoft.com/office/word/2006/wordml" xmlns:wps="http://schemas.microsoft.com/office/word/2010/wordprocessingShape" mc:Ignorable="w14 w15 w16se w16cid w16 w16cex w16sdtdh w16sdtfl w16du wp14"><w:body><w:p w14:paraId="6BA25A4F" w14:textId="77777777" w:rsidR="008B564F" w:rsidRPr="008B564F" w:rsidRDefault="008B564F" w:rsidP="008B564F"><w:pPr><w:rPr><w:b/><w:bCs/></w:rPr></w:pPr><w:r w:rsidRPr="008B564F"><w:rPr><w:b/><w:bCs/></w:rPr><w:t>ТЕХНИЧЕСКОЕ ЗАДАНИЕ (ТЗ)</w:t></w:r></w:p><w:p w14:paraId="4E6F6B14" w14:textId="77777777" w:rsidR="008B564F" w:rsidRPr="008B564F" w:rsidRDefault="008B564F" w:rsidP="008B564F"><w:pPr><w:rPr><w:b/><w:bCs/></w:rPr></w:pPr><w:r w:rsidRPr="008B564F"><w:rPr><w:b/><w:bCs/></w:rPr><w:t>Проект</w:t></w:r></w:p><w:p w14:paraId="236BCB23" w14:textId="77777777" w:rsidR="008B564F" w:rsidRPr="008B564F" w:rsidRDefault="008B564F" w:rsidP="008B564F"><w:r w:rsidRPr="008B564F"><w:rPr><w:b/><w:bCs/></w:rPr><w:t>Внутренняя информационная платформа «</w:t></w:r><w:proofErr w:type="spellStart"/><w:r w:rsidRPr="008B564F"><w:rPr><w:b/><w:bCs/></w:rPr><w:t>Aubakirova</w:t></w:r><w:proofErr w:type="spellEnd"/><w:r w:rsidRPr="008B564F"><w:rPr><w:b/><w:bCs/></w:rPr><w:t xml:space="preserve"> School Connect»</w:t></w:r><w:r w:rsidRPr="008B564F"><w:br/><w:t>(Веб-интерфейс с последующим переходом в мобильное приложение)</w:t></w:r></w:p><w:p w14:paraId="795CD4A1" w14:textId="77777777" w:rsidR="008B564F" w:rsidRPr="008B564F" w:rsidRDefault="008B564F" w:rsidP="008B564F"><w:r w:rsidRPr="008B564F"><w:rPr><w:b/><w:bCs/></w:rPr><w:t>Заказчик:</w:t></w:r><w:r w:rsidRPr="008B564F"><w:t xml:space="preserve"> Авторская школа </w:t></w:r><w:proofErr w:type="spellStart"/><w:r w:rsidRPr="008B564F"><w:t>Жании</w:t></w:r><w:proofErr w:type="spellEnd"/><w:r w:rsidRPr="008B564F"><w:t xml:space="preserve"> Аубакировой (музыкальное отделение)</w:t></w:r><w:r w:rsidRPr="008B564F"><w:br/></w:r><w:r w:rsidRPr="008B564F"><w:rPr><w:b/><w:bCs/></w:rPr><w:t>Назначение системы:</w:t></w:r><w:r w:rsidRPr="008B564F"><w:t xml:space="preserve"> внутренняя образовательная и информационная платформа</w:t></w:r></w:p><w:p w14:paraId="7956194C" w14:textId="77777777" w:rsidR="008B564F" w:rsidRPr="008B564F" w:rsidRDefault="008B564F" w:rsidP="008B564F"><w:r w:rsidRPr="008B564F"><w:pict w14:anchorId="67F9E04B"><v:rect id="_x0000_i1109" style="width:0;height:1.5pt" o:hralign="center" o:hrstd="t" o:hr="t" fillcolor="#a0a0a0" stroked="f"/></w:pict></w:r></w:p><w:p w14:paraId="77157FB4" w14:textId="77777777" w:rsidR="008B564F" w:rsidRPr="008B564F" w:rsidRDefault="008B564F" w:rsidP="008B564F"><w:pPr><w:rPr><w:b/><w:bCs/></w:rPr></w:pPr><w:r w:rsidRPr="008B564F"><w:rPr><w:b/><w:bCs/></w:rPr><w:t>Цель проекта</w:t></w:r></w:p><w:p w14:paraId="0ED1096A" w14:textId="77777777" w:rsidR="008B564F" w:rsidRPr="008B564F" w:rsidRDefault="008B564F" w:rsidP="008B564F"><w:r w:rsidRPr="008B564F"><w:t>Автоматизация и упорядочивание взаимодействия между:</w:t></w:r></w:p><w:p w14:paraId="0462E614" w14:textId="77777777" w:rsidR="008B564F" w:rsidRPr="008B564F" w:rsidRDefault="008B564F" w:rsidP="008B564F"><w:pPr><w:numPr><w:ilvl w:val="0"/><w:numId w:val="8"/></w:numPr></w:pPr><w:r w:rsidRPr="008B564F"><w:t>педагогами (≈70 человек),</w:t></w:r></w:p><w:p w14:paraId="61213414" w14:textId="77777777" w:rsidR="008B564F" w:rsidRPr="008B564F" w:rsidRDefault="008B564F" w:rsidP="008B564F"><w:pPr><w:numPr><w:ilvl w:val="0"/><w:numId w:val="8"/></w:numPr></w:pPr><w:r w:rsidRPr="008B564F"><w:t>учениками (классы до 20 человек),</w:t></w:r></w:p><w:p w14:paraId="51D7C08D" w14:textId="77777777" w:rsidR="008B564F" w:rsidRPr="008B564F" w:rsidRDefault="008B564F" w:rsidP="008B564F"><w:pPr><w:numPr><w:ilvl w:val="0"/><w:numId w:val="8"/></w:numPr></w:pPr><w:r w:rsidRPr="008B564F"><w:t>родителями учеников,</w:t></w:r></w:p><w:p w14:paraId="5D02C088" w14:textId="77777777" w:rsidR="008B564F" w:rsidRPr="008B564F" w:rsidRDefault="008B564F" w:rsidP="008B564F"><w:pPr><w:numPr><w:ilvl w:val="0"/><w:numId w:val="8"/></w:numPr></w:pPr><w:r w:rsidRPr="008B564F"><w:t>администрацией школы.</w:t></w:r></w:p><w:p w14:paraId="4DA0FD0B" w14:textId="77777777" w:rsidR="008B564F" w:rsidRPr="008B564F" w:rsidRDefault="008B564F" w:rsidP="008B564F"><w:r w:rsidRPr="008B564F"><w:t>Платформа предназначена для:</w:t></w:r></w:p><w:p w14:paraId="34186E75" w14:textId="77777777" w:rsidR="008B564F" w:rsidRPr="008B564F" w:rsidRDefault="008B564F" w:rsidP="008B564F"><w:pPr><w:numPr><w:ilvl w:val="0"/><w:numId w:val="9"/></w:numPr></w:pPr><w:r w:rsidRPr="008B564F"><w:t>ведения учебного процесса,</w:t></w:r></w:p><w:p w14:paraId="285241B7" w14:textId="77777777" w:rsidR="008B564F" w:rsidRPr="008B564F" w:rsidRDefault="008B564F" w:rsidP="008B564F"><w:pPr><w:numPr><w:ilvl w:val="0"/><w:numId w:val="9"/></w:numPr></w:pPr><w:r w:rsidRPr="008B564F"><w:t>фиксации академических данных,</w:t></w:r></w:p><w:p w14:paraId="76AFE0B2" w14:textId="77777777" w:rsidR="008B564F" w:rsidRPr="008B564F" w:rsidRDefault="008B564F" w:rsidP="008B564F"><w:pPr><w:numPr><w:ilvl w:val="0"/><w:numId w:val="9"/></w:numPr></w:pPr><w:r w:rsidRPr="008B564F"><w:t>прозрачного контроля обучения,</w:t></w:r></w:p><w:p w14:paraId="544BF6FD" w14:textId="77777777" w:rsidR="008B564F" w:rsidRPr="008B564F" w:rsidRDefault="008B564F" w:rsidP="008B564F"><w:pPr><w:numPr><w:ilvl w:val="0"/><w:numId w:val="9"/></w:numPr></w:pPr><w:r w:rsidRPr="008B564F"><w:t>централизованного информирования о жизни школы.</w:t></w:r></w:p><w:p w14:paraId="014F182A" w14:textId="77777777" w:rsidR="008B564F" w:rsidRPr="008B564F" w:rsidRDefault="008B564F" w:rsidP="008B564F"><w:r w:rsidRPr="008B564F"><w:t xml:space="preserve">Система </w:t></w:r><w:r w:rsidRPr="008B564F"><w:rPr><w:b/><w:bCs/></w:rPr><w:t>не является маркетинговым сайтом</w:t></w:r><w:r w:rsidRPr="008B564F"><w:t xml:space="preserve"> и используется исключительно авторизованными пользователями.</w:t></w:r></w:p><w:p w14:paraId="525EA4FA" w14:textId="77777777" w:rsidR="008B564F" w:rsidRPr="008B564F" w:rsidRDefault="008B564F" w:rsidP="008B564F"><w:r w:rsidRPr="008B564F"><w:pict w14:anchorId="781E7D27"><v:rect id="_x0000_i1110" style="width:0;height:1.5pt" o:hralign="center" o:hrstd="t" o:hr="t" fillcolor="#a0a0a0" stroked="f"/></w:pict></w:r></w:p><w:p w14:paraId="13EBDAA0" w14:textId="77777777" w:rsidR="008B564F" w:rsidRPr="008B564F" w:rsidRDefault="008B564F" w:rsidP="008B564F"><w:pPr><w:rPr><w:b/><w:bCs/></w:rPr></w:pPr><w:r w:rsidRPr="008B564F"><w:rPr><w:b/><w:bCs/></w:rPr><w:t>1. ОБЩИЕ ТРЕБОВАНИЯ</w:t></w:r></w:p><w:p w14:paraId="5A2ED5DC" w14:textId="77777777" w:rsidR="008B564F" w:rsidRPr="008B564F" w:rsidRDefault="008B564F" w:rsidP="008B564F"><w:pPr><w:rPr><w:b/><w:bCs/></w:rPr></w:pPr><w:r w:rsidRPr="008B564F"><w:rPr><w:b/><w:bCs/></w:rPr><w:t>1.1. Тип системы</w:t></w:r></w:p><w:p w14:paraId="51CF396E" w14:textId="77777777" w:rsidR="008B564F" w:rsidRPr="008B564F" w:rsidRDefault="008B564F" w:rsidP="008B564F"><w:pPr><w:numPr><w:ilvl w:val="0"/><w:numId w:val="10"/></w:numPr></w:pPr><w:r w:rsidRPr="008B564F"><w:t>Веб-платформа (SPA)</w:t></w:r></w:p><w:p w14:paraId="15DB0901" w14:textId="77777777" w:rsidR="008B564F" w:rsidRPr="008B564F" w:rsidRDefault="008B564F" w:rsidP="008B564F"><w:pPr><w:numPr><w:ilvl w:val="0"/><w:numId w:val="10"/></w:numPr><w:rPr><w:lang w:val="en-US"/></w:rPr></w:pPr><w:r w:rsidRPr="008B564F"><w:t>Адаптивная</w:t></w:r><w:r w:rsidRPr="008B564F"><w:rPr><w:lang w:val="en-US"/></w:rPr><w:t xml:space="preserve"> </w:t></w:r><w:r w:rsidRPr="008B564F"><w:t>верстка</w:t></w:r><w:r w:rsidRPr="008B564F"><w:rPr><w:lang w:val="en-US"/></w:rPr><w:t xml:space="preserve"> (desktop / tablet / mobile)</w:t></w:r></w:p><w:p w14:paraId="0EF52F40" w14:textId="77777777" w:rsidR="008B564F" w:rsidRPr="008B564F" w:rsidRDefault="008B564F" w:rsidP="008B564F"><w:pPr><w:rPr><w:b/><w:bCs/></w:rPr></w:pPr><w:r w:rsidRPr="008B564F"><w:rPr><w:b/><w:bCs/></w:rPr><w:t>1.2. Архитектура</w:t></w:r></w:p><w:p w14:paraId="6F227374" w14:textId="77777777" w:rsidR="008B564F" w:rsidRPr="008B564F" w:rsidRDefault="008B564F" w:rsidP="008B564F"><w:pPr><w:numPr><w:ilvl w:val="0"/><w:numId w:val="11"/></w:numPr></w:pPr><w:r w:rsidRPr="008B564F"><w:t>API-</w:t></w:r><w:proofErr w:type="spellStart"/><w:r w:rsidRPr="008B564F"><w:t>first</w:t></w:r><w:proofErr w:type="spellEnd"/><w:r w:rsidRPr="008B564F"><w:t xml:space="preserve"> архитектура</w:t></w:r></w:p><w:p w14:paraId="17B414BE" w14:textId="77777777" w:rsidR="008B564F" w:rsidRPr="008B564F" w:rsidRDefault="008B564F" w:rsidP="008B564F"><w:pPr><w:numPr><w:ilvl w:val="0"/><w:numId w:val="11"/></w:numPr></w:pPr><w:r w:rsidRPr="008B564F"><w:t xml:space="preserve">Единая </w:t></w:r><w:proofErr w:type="spellStart"/><w:r w:rsidRPr="008B564F"><w:t>backend</w:t></w:r><w:proofErr w:type="spellEnd"/><w:r w:rsidRPr="008B564F"><w:t>-логика для:</w:t></w:r></w:p><w:p w14:paraId="728C6A34" w14:textId="77777777" w:rsidR="008B564F" w:rsidRPr="008B564F" w:rsidRDefault="008B564F" w:rsidP="008B564F"><w:pPr><w:numPr><w:ilvl w:val="1"/><w:numId w:val="11"/></w:numPr></w:pPr><w:r w:rsidRPr="008B564F"><w:t>веб-интерфейса</w:t></w:r></w:p><w:p w14:paraId="0FD33B0A" w14:textId="77777777" w:rsidR="008B564F" w:rsidRPr="008B564F" w:rsidRDefault="008B564F" w:rsidP="008B564F"><w:pPr><w:numPr><w:ilvl w:val="1"/><w:numId w:val="11"/></w:numPr></w:pPr><w:r w:rsidRPr="008B564F"><w:t>будущего мобильного приложения</w:t></w:r></w:p><w:p w14:paraId="358CA2B5" w14:textId="77777777" w:rsidR="008B564F" w:rsidRPr="008B564F" w:rsidRDefault="008B564F" w:rsidP="008B564F"><w:pPr><w:rPr><w:b/><w:bCs/></w:rPr></w:pPr><w:r w:rsidRPr="008B564F"><w:rPr><w:b/><w:bCs/></w:rPr><w:t>1.3. Пользовательские роли</w:t></w:r></w:p><w:p w14:paraId="6F4ADCCE" w14:textId="77777777" w:rsidR="008B564F" w:rsidRPr="008B564F" w:rsidRDefault="008B564F" w:rsidP="008B564F"><w:pPr><w:numPr><w:ilvl w:val="0"/><w:numId w:val="12"/></w:numPr></w:pPr><w:r w:rsidRPr="008B564F"><w:t>Администратор</w:t></w:r></w:p><w:p w14:paraId="2605CFFC" w14:textId="77777777" w:rsidR="008B564F" w:rsidRPr="008B564F" w:rsidRDefault="008B564F" w:rsidP="008B564F"><w:pPr><w:numPr><w:ilvl w:val="0"/><w:numId w:val="12"/></w:numPr></w:pPr><w:r w:rsidRPr="008B564F"><w:t>Педагог</w:t></w:r></w:p><w:p w14:paraId="4808C7D8" w14:textId="77777777" w:rsidR="008B564F" w:rsidRPr="008B564F" w:rsidRDefault="008B564F" w:rsidP="008B564F"><w:pPr><w:numPr><w:ilvl w:val="0"/><w:numId w:val="12"/></w:numPr></w:pPr><w:r w:rsidRPr="008B564F"><w:lastRenderedPageBreak/><w:t>Ученик</w:t></w:r></w:p><w:p w14:paraId="13E78662" w14:textId="77777777" w:rsidR="008B564F" w:rsidRPr="008B564F" w:rsidRDefault="008B564F" w:rsidP="008B564F"><w:pPr><w:numPr><w:ilvl w:val="0"/><w:numId w:val="12"/></w:numPr></w:pPr><w:r w:rsidRPr="008B564F"><w:t>Родитель</w:t></w:r></w:p><w:p w14:paraId="341B1A12" w14:textId="77777777" w:rsidR="008B564F" w:rsidRPr="008B564F" w:rsidRDefault="008B564F" w:rsidP="008B564F"><w:r w:rsidRPr="008B564F"><w:t>Права доступа разграничиваются по ролям.</w:t></w:r></w:p><w:p w14:paraId="0EC3EE6C" w14:textId="77777777" w:rsidR="008B564F" w:rsidRPr="008B564F" w:rsidRDefault="008B564F" w:rsidP="008B564F"><w:r w:rsidRPr="008B564F"><w:pict w14:anchorId="44B42E30"><v:rect id="_x0000_i1111" style="width:0;height:1.5pt" o:hralign="center" o:hrstd="t" o:hr="t" fillcolor="#a0a0a0" stroked="f"/></w:pict></w:r></w:p><w:p w14:paraId="0D9E5C76" w14:textId="77777777" w:rsidR="008B564F" w:rsidRPr="008B564F" w:rsidRDefault="008B564F" w:rsidP="008B564F"><w:pPr><w:rPr><w:b/><w:bCs/></w:rPr></w:pPr><w:r w:rsidRPr="008B564F"><w:rPr><w:b/><w:bCs/></w:rPr><w:t>2. СТРУКТУРА ЛИЧНОГО КАБИНЕТА ПЕДАГОГА</w:t></w:r></w:p><w:p w14:paraId="0F4DC953" w14:textId="77777777" w:rsidR="008B564F" w:rsidRPr="008B564F" w:rsidRDefault="008B564F" w:rsidP="008B564F"><w:r w:rsidRPr="008B564F"><w:t>Личный кабинет педагога является основным рабочим инструментом для управления учебным процессом.</w:t></w:r></w:p><w:p w14:paraId="3631404E" w14:textId="77777777" w:rsidR="008B564F" w:rsidRPr="008B564F" w:rsidRDefault="008B564F" w:rsidP="008B564F"><w:r w:rsidRPr="008B564F"><w:pict w14:anchorId="4F5CCC5E"><v:rect id="_x0000_i1112" style="width:0;height:1.5pt" o:hralign="center" o:hrstd="t" o:hr="t" fillcolor="#a0a0a0" stroked="f"/></w:pict></w:r></w:p><w:p w14:paraId="1A7CD14C" w14:textId="77777777" w:rsidR="008B564F" w:rsidRPr="008B564F" w:rsidRDefault="008B564F" w:rsidP="008B564F"><w:pPr><w:rPr><w:b/><w:bCs/></w:rPr></w:pPr><w:r w:rsidRPr="008B564F"><w:rPr><w:b/><w:bCs/></w:rPr><w:t>2.1. Модуль «Мои классы и ученики»</w:t></w:r></w:p><w:p w14:paraId="417605BC" w14:textId="77777777" w:rsidR="008B564F" w:rsidRPr="008B564F" w:rsidRDefault="008B564F" w:rsidP="008B564F"><w:pPr><w:rPr><w:b/><w:bCs/></w:rPr></w:pPr><w:r w:rsidRPr="008B564F"><w:rPr><w:b/><w:bCs/></w:rPr><w:t>2.1.1. Цикл ученика (профиль)</w:t></w:r></w:p><w:p w14:paraId="67C6CED1" w14:textId="77777777" w:rsidR="008B564F" w:rsidRPr="008B564F" w:rsidRDefault="008B564F" w:rsidP="008B564F"><w:r w:rsidRPr="008B564F"><w:t xml:space="preserve">Данные вводятся </w:t></w:r><w:r w:rsidRPr="008B564F"><w:rPr><w:b/><w:bCs/></w:rPr><w:t>однократно при зачислении</w:t></w:r><w:r w:rsidRPr="008B564F"><w:t xml:space="preserve"> и в дальнейшем изменяются только при смене статуса обучения.</w:t></w:r></w:p><w:p w14:paraId="50F919BE" w14:textId="77777777" w:rsidR="008B564F" w:rsidRPr="008B564F" w:rsidRDefault="008B564F" w:rsidP="008B564F"><w:r w:rsidRPr="008B564F"><w:rPr><w:b/><w:bCs/></w:rPr><w:t>Постоянные данные:</w:t></w:r></w:p><w:p w14:paraId="7F5D647D" w14:textId="77777777" w:rsidR="008B564F" w:rsidRPr="008B564F" w:rsidRDefault="008B564F" w:rsidP="008B564F"><w:pPr><w:numPr><w:ilvl w:val="0"/><w:numId w:val="13"/></w:numPr></w:pPr><w:r w:rsidRPr="008B564F"><w:t>ФИО</w:t></w:r></w:p><w:p w14:paraId="3CE500C7" w14:textId="77777777" w:rsidR="008B564F" w:rsidRPr="008B564F" w:rsidRDefault="008B564F" w:rsidP="008B564F"><w:pPr><w:numPr><w:ilvl w:val="0"/><w:numId w:val="13"/></w:numPr></w:pPr><w:r w:rsidRPr="008B564F"><w:t>Дата рождения</w:t></w:r></w:p><w:p w14:paraId="385BA564" w14:textId="77777777" w:rsidR="008B564F" w:rsidRPr="008B564F" w:rsidRDefault="008B564F" w:rsidP="008B564F"><w:pPr><w:numPr><w:ilvl w:val="0"/><w:numId w:val="13"/></w:numPr></w:pPr><w:r w:rsidRPr="008B564F"><w:t>Инструмент / направление</w:t></w:r></w:p><w:p w14:paraId="2EE4B1AA" w14:textId="77777777" w:rsidR="008B564F" w:rsidRPr="008B564F" w:rsidRDefault="008B564F" w:rsidP="008B564F"><w:pPr><w:numPr><w:ilvl w:val="0"/><w:numId w:val="13"/></w:numPr></w:pPr><w:r w:rsidRPr="008B564F"><w:t>Формат (цикл) обучения</w:t></w:r></w:p><w:p w14:paraId="1680936A" w14:textId="77777777" w:rsidR="008B564F" w:rsidRPr="008B564F" w:rsidRDefault="008B564F" w:rsidP="008B564F"><w:r w:rsidRPr="008B564F"><w:rPr><w:b/><w:bCs/></w:rPr><w:t>Изменяемые данные:</w:t></w:r></w:p><w:p w14:paraId="5DA3F604" w14:textId="77777777" w:rsidR="008B564F" w:rsidRPr="008B564F" w:rsidRDefault="008B564F" w:rsidP="008B564F"><w:pPr><w:numPr><w:ilvl w:val="0"/><w:numId w:val="14"/></w:numPr></w:pPr><w:r w:rsidRPr="008B564F"><w:t>Класс</w:t></w:r></w:p><w:p w14:paraId="7621CD3E" w14:textId="77777777" w:rsidR="008B564F" w:rsidRPr="008B564F" w:rsidRDefault="008B564F" w:rsidP="008B564F"><w:pPr><w:numPr><w:ilvl w:val="0"/><w:numId w:val="14"/></w:numPr></w:pPr><w:r w:rsidRPr="008B564F"><w:t>Уровень обучения (начальный / средний / продвинутый)</w:t></w:r></w:p><w:p w14:paraId="09CBC2E8" w14:textId="77777777" w:rsidR="008B564F" w:rsidRPr="008B564F" w:rsidRDefault="008B564F" w:rsidP="008B564F"><w:pPr><w:numPr><w:ilvl w:val="0"/><w:numId w:val="14"/></w:numPr></w:pPr><w:r w:rsidRPr="008B564F"><w:t>Педагог-куратор</w:t></w:r></w:p><w:p w14:paraId="6900E9AA" w14:textId="77777777" w:rsidR="008B564F" w:rsidRPr="008B564F" w:rsidRDefault="008B564F" w:rsidP="008B564F"><w:r w:rsidRPr="008B564F"><w:pict w14:anchorId="3618FF53"><v:rect id="_x0000_i1113" style="width:0;height:1.5pt" o:hralign="center" o:hrstd="t" o:hr="t" fillcolor="#a0a0a0" stroked="f"/></w:pict></w:r></w:p><w:p w14:paraId="6310FF1D" w14:textId="77777777" w:rsidR="008B564F" w:rsidRPr="008B564F" w:rsidRDefault="008B564F" w:rsidP="008B564F"><w:pPr><w:rPr><w:b/><w:bCs/></w:rPr></w:pPr><w:r w:rsidRPr="008B564F"><w:rPr><w:b/><w:bCs/></w:rPr><w:t>2.1.2. Электронный журнал</w:t></w:r></w:p><w:p w14:paraId="1E17EC01" w14:textId="77777777" w:rsidR="008B564F" w:rsidRPr="008B564F" w:rsidRDefault="008B564F" w:rsidP="008B564F"><w:r w:rsidRPr="008B564F"><w:rPr><w:b/><w:bCs/></w:rPr><w:t>Посещаемость:</w:t></w:r></w:p><w:p w14:paraId="16C5AE7E" w14:textId="77777777" w:rsidR="008B564F" w:rsidRPr="008B564F" w:rsidRDefault="008B564F" w:rsidP="008B564F"><w:pPr><w:numPr><w:ilvl w:val="0"/><w:numId w:val="15"/></w:numPr></w:pPr><w:r w:rsidRPr="008B564F"><w:t>Календарная сетка занятий</w:t></w:r></w:p><w:p w14:paraId="38C3E03B" w14:textId="77777777" w:rsidR="008B564F" w:rsidRPr="008B564F" w:rsidRDefault="008B564F" w:rsidP="008B564F"><w:pPr><w:numPr><w:ilvl w:val="0"/><w:numId w:val="15"/></w:numPr></w:pPr><w:r w:rsidRPr="008B564F"><w:t>Статусы: был, не был (НБ), болел, опоздал</w:t></w:r></w:p><w:p w14:paraId="4D7E03B6" w14:textId="77777777" w:rsidR="008B564F" w:rsidRPr="008B564F" w:rsidRDefault="008B564F" w:rsidP="008B564F"><w:r w:rsidRPr="008B564F"><w:rPr><w:b/><w:bCs/></w:rPr><w:t>Успеваемость:</w:t></w:r></w:p><w:p w14:paraId="76613382" w14:textId="77777777" w:rsidR="008B564F" w:rsidRPr="008B564F" w:rsidRDefault="008B564F" w:rsidP="008B564F"><w:pPr><w:numPr><w:ilvl w:val="0"/><w:numId w:val="16"/></w:numPr></w:pPr><w:r w:rsidRPr="008B564F"><w:t>Оценки за урок</w:t></w:r></w:p><w:p w14:paraId="0A01ECA1" w14:textId="77777777" w:rsidR="008B564F" w:rsidRPr="008B564F" w:rsidRDefault="008B564F" w:rsidP="008B564F"><w:pPr><w:numPr><w:ilvl w:val="0"/><w:numId w:val="16"/></w:numPr></w:pPr><w:r w:rsidRPr="008B564F"><w:t>Зачёты</w:t></w:r></w:p><w:p w14:paraId="06DF8D45" w14:textId="77777777" w:rsidR="008B564F" w:rsidRPr="008B564F" w:rsidRDefault="008B564F" w:rsidP="008B564F"><w:pPr><w:numPr><w:ilvl w:val="0"/><w:numId w:val="16"/></w:numPr></w:pPr><w:r w:rsidRPr="008B564F"><w:t>Экзамены</w:t></w:r></w:p><w:p w14:paraId="493B4D0F" w14:textId="77777777" w:rsidR="008B564F" w:rsidRPr="008B564F" w:rsidRDefault="008B564F" w:rsidP="008B564F"><w:r w:rsidRPr="008B564F"><w:rPr><w:b/><w:bCs/></w:rPr><w:t>Прогресс обучения:</w:t></w:r></w:p><w:p w14:paraId="03080CBF" w14:textId="77777777" w:rsidR="008B564F" w:rsidRPr="008B564F" w:rsidRDefault="008B564F" w:rsidP="008B564F"><w:pPr><w:numPr><w:ilvl w:val="0"/><w:numId w:val="17"/></w:numPr></w:pPr><w:r w:rsidRPr="008B564F"><w:t>Отображение динамики обучения на основе оценок и комментариев педагога</w:t></w:r></w:p><w:p w14:paraId="66DDBC1F" w14:textId="77777777" w:rsidR="008B564F" w:rsidRPr="008B564F" w:rsidRDefault="008B564F" w:rsidP="008B564F"><w:pPr><w:numPr><w:ilvl w:val="0"/><w:numId w:val="17"/></w:numPr></w:pPr><w:r w:rsidRPr="008B564F"><w:lastRenderedPageBreak/><w:t>Формат отображения определяется на этапе проектирования UX</w:t></w:r></w:p><w:p w14:paraId="6386EF11" w14:textId="77777777" w:rsidR="008B564F" w:rsidRPr="008B564F" w:rsidRDefault="008B564F" w:rsidP="008B564F"><w:r w:rsidRPr="008B564F"><w:pict w14:anchorId="7807F06F"><v:rect id="_x0000_i1114" style="width:0;height:1.5pt" o:hralign="center" o:hrstd="t" o:hr="t" fillcolor="#a0a0a0" stroked="f"/></w:pict></w:r></w:p><w:p w14:paraId="4A8E4F0B" w14:textId="77777777" w:rsidR="008B564F" w:rsidRPr="008B564F" w:rsidRDefault="008B564F" w:rsidP="008B564F"><w:pPr><w:rPr><w:b/><w:bCs/></w:rPr></w:pPr><w:r w:rsidRPr="008B564F"><w:rPr><w:b/><w:bCs/></w:rPr><w:t>2.2. Учебный блок</w:t></w:r></w:p><w:p w14:paraId="507B3A1A" w14:textId="77777777" w:rsidR="008B564F" w:rsidRPr="008B564F" w:rsidRDefault="008B564F" w:rsidP="008B564F"><w:r w:rsidRPr="008B564F"><w:rPr><w:b/><w:bCs/></w:rPr><w:t>Годовая программа:</w:t></w:r></w:p><w:p w14:paraId="2270E0DF" w14:textId="77777777" w:rsidR="008B564F" w:rsidRPr="008B564F" w:rsidRDefault="008B564F" w:rsidP="008B564F"><w:pPr><w:numPr><w:ilvl w:val="0"/><w:numId w:val="18"/></w:numPr></w:pPr><w:r w:rsidRPr="008B564F"><w:t>Загрузка индивидуального учебного плана (PDF / текст)</w:t></w:r></w:p><w:p w14:paraId="5F6F944A" w14:textId="77777777" w:rsidR="008B564F" w:rsidRPr="008B564F" w:rsidRDefault="008B564F" w:rsidP="008B564F"><w:pPr><w:numPr><w:ilvl w:val="0"/><w:numId w:val="18"/></w:numPr></w:pPr><w:r w:rsidRPr="008B564F"><w:t>Привязка к учебному году</w:t></w:r></w:p><w:p w14:paraId="5698CD72" w14:textId="77777777" w:rsidR="008B564F" w:rsidRPr="008B564F" w:rsidRDefault="008B564F" w:rsidP="008B564F"><w:r w:rsidRPr="008B564F"><w:rPr><w:b/><w:bCs/></w:rPr><w:t>Домашние задания:</w:t></w:r></w:p><w:p w14:paraId="3F0E8434" w14:textId="77777777" w:rsidR="008B564F" w:rsidRPr="008B564F" w:rsidRDefault="008B564F" w:rsidP="008B564F"><w:pPr><w:numPr><w:ilvl w:val="0"/><w:numId w:val="19"/></w:numPr></w:pPr><w:r w:rsidRPr="008B564F"><w:t>Создание задания (текст)</w:t></w:r></w:p><w:p w14:paraId="2AF2870C" w14:textId="77777777" w:rsidR="008B564F" w:rsidRPr="008B564F" w:rsidRDefault="008B564F" w:rsidP="008B564F"><w:pPr><w:numPr><w:ilvl w:val="0"/><w:numId w:val="19"/></w:numPr></w:pPr><w:r w:rsidRPr="008B564F"><w:t>Прикрепление файлов:</w:t></w:r></w:p><w:p w14:paraId="3533AE21" w14:textId="77777777" w:rsidR="008B564F" w:rsidRPr="008B564F" w:rsidRDefault="008B564F" w:rsidP="008B564F"><w:pPr><w:numPr><w:ilvl w:val="1"/><w:numId w:val="19"/></w:numPr></w:pPr><w:r w:rsidRPr="008B564F"><w:t>ноты</w:t></w:r></w:p><w:p w14:paraId="1AABE881" w14:textId="77777777" w:rsidR="008B564F" w:rsidRPr="008B564F" w:rsidRDefault="008B564F" w:rsidP="008B564F"><w:pPr><w:numPr><w:ilvl w:val="1"/><w:numId w:val="19"/></w:numPr></w:pPr><w:r w:rsidRPr="008B564F"><w:t>аудио</w:t></w:r></w:p><w:p w14:paraId="50035F66" w14:textId="77777777" w:rsidR="008B564F" w:rsidRPr="008B564F" w:rsidRDefault="008B564F" w:rsidP="008B564F"><w:pPr><w:numPr><w:ilvl w:val="1"/><w:numId w:val="19"/></w:numPr></w:pPr><w:r w:rsidRPr="008B564F"><w:t>видео</w:t></w:r></w:p><w:p w14:paraId="2C6FB149" w14:textId="77777777" w:rsidR="008B564F" w:rsidRPr="008B564F" w:rsidRDefault="008B564F" w:rsidP="008B564F"><w:pPr><w:numPr><w:ilvl w:val="0"/><w:numId w:val="19"/></w:numPr></w:pPr><w:r w:rsidRPr="008B564F"><w:t>Возможность назначения задания:</w:t></w:r></w:p><w:p w14:paraId="53F10034" w14:textId="77777777" w:rsidR="008B564F" w:rsidRPr="008B564F" w:rsidRDefault="008B564F" w:rsidP="008B564F"><w:pPr><w:numPr><w:ilvl w:val="1"/><w:numId w:val="19"/></w:numPr></w:pPr><w:r w:rsidRPr="008B564F"><w:t>одному ученику</w:t></w:r></w:p><w:p w14:paraId="5FA1BE0E" w14:textId="77777777" w:rsidR="008B564F" w:rsidRPr="008B564F" w:rsidRDefault="008B564F" w:rsidP="008B564F"><w:pPr><w:numPr><w:ilvl w:val="1"/><w:numId w:val="19"/></w:numPr></w:pPr><w:r w:rsidRPr="008B564F"><w:t>всему классу (до 20 человек)</w:t></w:r></w:p><w:p w14:paraId="5B04FFE4" w14:textId="77777777" w:rsidR="008B564F" w:rsidRPr="008B564F" w:rsidRDefault="008B564F" w:rsidP="008B564F"><w:r w:rsidRPr="008B564F"><w:pict w14:anchorId="639FD7FF"><v:rect id="_x0000_i1115" style="width:0;height:1.5pt" o:hralign="center" o:hrstd="t" o:hr="t" fillcolor="#a0a0a0" stroked="f"/></w:pict></w:r></w:p><w:p w14:paraId="69D9C1BD" w14:textId="77777777" w:rsidR="008B564F" w:rsidRPr="008B564F" w:rsidRDefault="008B564F" w:rsidP="008B564F"><w:pPr><w:rPr><w:b/><w:bCs/></w:rPr></w:pPr><w:r w:rsidRPr="008B564F"><w:rPr><w:b/><w:bCs/></w:rPr><w:t>3. СТРУКТУРА КАБИНЕТА УЧЕНИКА И РОДИТЕЛЯ</w:t></w:r></w:p><w:p w14:paraId="61EA6FC9" w14:textId="77777777" w:rsidR="008B564F" w:rsidRPr="008B564F" w:rsidRDefault="008B564F" w:rsidP="008B564F"><w:r w:rsidRPr="008B564F"><w:t>Информационная панель для обучения и контроля учебного процесса.</w:t></w:r></w:p><w:p w14:paraId="79CF6315" w14:textId="77777777" w:rsidR="008B564F" w:rsidRPr="008B564F" w:rsidRDefault="008B564F" w:rsidP="008B564F"><w:r w:rsidRPr="008B564F"><w:pict w14:anchorId="062E2D47"><v:rect id="_x0000_i1116" style="width:0;height:1.5pt" o:hralign="center" o:hrstd="t" o:hr="t" fillcolor="#a0a0a0" stroked="f"/></w:pict></w:r></w:p><w:p w14:paraId="24192081" w14:textId="77777777" w:rsidR="008B564F" w:rsidRPr="008B564F" w:rsidRDefault="008B564F" w:rsidP="008B564F"><w:pPr><w:rPr><w:b/><w:bCs/></w:rPr></w:pPr><w:r w:rsidRPr="008B564F"><w:rPr><w:b/><w:bCs/></w:rPr><w:t>3.1. Дашборд</w:t></w:r></w:p><w:p w14:paraId="7300C2B6" w14:textId="77777777" w:rsidR="008B564F" w:rsidRPr="008B564F" w:rsidRDefault="008B564F" w:rsidP="008B564F"><w:pPr><w:numPr><w:ilvl w:val="0"/><w:numId w:val="20"/></w:numPr></w:pPr><w:r w:rsidRPr="008B564F"><w:t>Ближайший урок</w:t></w:r></w:p><w:p w14:paraId="7F3AB5C0" w14:textId="77777777" w:rsidR="008B564F" w:rsidRPr="008B564F" w:rsidRDefault="008B564F" w:rsidP="008B564F"><w:pPr><w:numPr><w:ilvl w:val="0"/><w:numId w:val="20"/></w:numPr></w:pPr><w:r w:rsidRPr="008B564F"><w:t>Статус последнего домашнего задания</w:t></w:r></w:p><w:p w14:paraId="0A5B8DD9" w14:textId="77777777" w:rsidR="008B564F" w:rsidRPr="008B564F" w:rsidRDefault="008B564F" w:rsidP="008B564F"><w:pPr><w:numPr><w:ilvl w:val="0"/><w:numId w:val="20"/></w:numPr></w:pPr><w:r w:rsidRPr="008B564F"><w:t>Уведомления о концертах, экзаменах и конкурсах</w:t></w:r></w:p><w:p w14:paraId="755D847D" w14:textId="77777777" w:rsidR="008B564F" w:rsidRPr="008B564F" w:rsidRDefault="008B564F" w:rsidP="008B564F"><w:r w:rsidRPr="008B564F"><w:pict w14:anchorId="348BB5E4"><v:rect id="_x0000_i1117" style="width:0;height:1.5pt" o:hralign="center" o:hrstd="t" o:hr="t" fillcolor="#a0a0a0" stroked="f"/></w:pict></w:r></w:p><w:p w14:paraId="1FB09444" w14:textId="77777777" w:rsidR="008B564F" w:rsidRPr="008B564F" w:rsidRDefault="008B564F" w:rsidP="008B564F"><w:pPr><w:rPr><w:b/><w:bCs/></w:rPr></w:pPr><w:r w:rsidRPr="008B564F"><w:rPr><w:b/><w:bCs/></w:rPr><w:t>3.2. Расписание</w:t></w:r></w:p><w:p w14:paraId="5434BB0F" w14:textId="77777777" w:rsidR="008B564F" w:rsidRPr="008B564F" w:rsidRDefault="008B564F" w:rsidP="008B564F"><w:pPr><w:numPr><w:ilvl w:val="0"/><w:numId w:val="21"/></w:numPr></w:pPr><w:r w:rsidRPr="008B564F"><w:t>Интерактивный календарь</w:t></w:r></w:p><w:p w14:paraId="05F91DCC" w14:textId="77777777" w:rsidR="008B564F" w:rsidRPr="008B564F" w:rsidRDefault="008B564F" w:rsidP="008B564F"><w:pPr><w:numPr><w:ilvl w:val="0"/><w:numId w:val="21"/></w:numPr></w:pPr><w:r w:rsidRPr="008B564F"><w:t>Просмотр по дням и неделям</w:t></w:r></w:p><w:p w14:paraId="40F8CB70" w14:textId="77777777" w:rsidR="008B564F" w:rsidRPr="008B564F" w:rsidRDefault="008B564F" w:rsidP="008B564F"><w:pPr><w:numPr><w:ilvl w:val="0"/><w:numId w:val="21"/></w:numPr></w:pPr><w:r w:rsidRPr="008B564F"><w:t>Фильтрация по типу занятий:</w:t></w:r></w:p><w:p w14:paraId="23A16799" w14:textId="77777777" w:rsidR="008B564F" w:rsidRPr="008B564F" w:rsidRDefault="008B564F" w:rsidP="008B564F"><w:pPr><w:numPr><w:ilvl w:val="1"/><w:numId w:val="21"/></w:numPr></w:pPr><w:r w:rsidRPr="008B564F"><w:t>индивидуальные</w:t></w:r></w:p><w:p w14:paraId="02101F3E" w14:textId="77777777" w:rsidR="008B564F" w:rsidRPr="008B564F" w:rsidRDefault="008B564F" w:rsidP="008B564F"><w:pPr><w:numPr><w:ilvl w:val="1"/><w:numId w:val="21"/></w:numPr></w:pPr><w:r w:rsidRPr="008B564F"><w:t>групповые</w:t></w:r></w:p><w:p w14:paraId="3F8B4C04" w14:textId="77777777" w:rsidR="008B564F" w:rsidRPr="008B564F" w:rsidRDefault="008B564F" w:rsidP="008B564F"><w:r w:rsidRPr="008B564F"><w:pict w14:anchorId="6ECDAF09"><v:rect id="_x0000_i1118" style="width:0;height:1.5pt" o:hralign="center" o:hrstd="t" o:hr="t" fillcolor="#a0a0a0" stroked="f"/></w:pict></w:r></w:p><w:p w14:paraId="5DEFFBA9" w14:textId="77777777" w:rsidR="008B564F" w:rsidRPr="008B564F" w:rsidRDefault="008B564F" w:rsidP="008B564F"><w:pPr><w:rPr><w:b/><w:bCs/></w:rPr></w:pPr><w:r w:rsidRPr="008B564F"><w:rPr><w:b/><w:bCs/></w:rPr><w:t>3.3. Раздел «Учебные результаты»</w:t></w:r></w:p><w:p w14:paraId="5A967ACE" w14:textId="77777777" w:rsidR="008B564F" w:rsidRPr="008B564F" w:rsidRDefault="008B564F" w:rsidP="008B564F"><w:pPr><w:numPr><w:ilvl w:val="0"/><w:numId w:val="22"/></w:numPr></w:pPr><w:r w:rsidRPr="008B564F"><w:lastRenderedPageBreak/><w:t>Архив оценок</w:t></w:r></w:p><w:p w14:paraId="59F206B4" w14:textId="77777777" w:rsidR="008B564F" w:rsidRPr="008B564F" w:rsidRDefault="008B564F" w:rsidP="008B564F"><w:pPr><w:numPr><w:ilvl w:val="0"/><w:numId w:val="22"/></w:numPr></w:pPr><w:r w:rsidRPr="008B564F"><w:t>Комментарии педагогов</w:t></w:r></w:p><w:p w14:paraId="34F80760" w14:textId="77777777" w:rsidR="008B564F" w:rsidRPr="008B564F" w:rsidRDefault="008B564F" w:rsidP="008B564F"><w:pPr><w:numPr><w:ilvl w:val="0"/><w:numId w:val="22"/></w:numPr></w:pPr><w:r w:rsidRPr="008B564F"><w:t>Материалы и записи выступлений (при наличии)</w:t></w:r></w:p><w:p w14:paraId="2A3FBB81" w14:textId="77777777" w:rsidR="008B564F" w:rsidRPr="008B564F" w:rsidRDefault="008B564F" w:rsidP="008B564F"><w:r w:rsidRPr="008B564F"><w:pict w14:anchorId="63C0E9D9"><v:rect id="_x0000_i1119" style="width:0;height:1.5pt" o:hralign="center" o:hrstd="t" o:hr="t" fillcolor="#a0a0a0" stroked="f"/></w:pict></w:r></w:p><w:p w14:paraId="6A08FE3B" w14:textId="77777777" w:rsidR="008B564F" w:rsidRPr="008B564F" w:rsidRDefault="008B564F" w:rsidP="008B564F"><w:pPr><w:rPr><w:b/><w:bCs/></w:rPr></w:pPr><w:r w:rsidRPr="008B564F"><w:rPr><w:b/><w:bCs/></w:rPr><w:t>3.4. Инфо-блок «Жизнь школы»</w:t></w:r></w:p><w:p w14:paraId="760E0A60" w14:textId="77777777" w:rsidR="008B564F" w:rsidRPr="008B564F" w:rsidRDefault="008B564F" w:rsidP="008B564F"><w:pPr><w:numPr><w:ilvl w:val="0"/><w:numId w:val="23"/></w:numPr></w:pPr><w:r w:rsidRPr="008B564F"><w:t>Объявления администрации</w:t></w:r></w:p><w:p w14:paraId="13B10920" w14:textId="77777777" w:rsidR="008B564F" w:rsidRPr="008B564F" w:rsidRDefault="008B564F" w:rsidP="008B564F"><w:pPr><w:numPr><w:ilvl w:val="0"/><w:numId w:val="23"/></w:numPr></w:pPr><w:r w:rsidRPr="008B564F"><w:t>Информация о:</w:t></w:r></w:p><w:p w14:paraId="09B7DB08" w14:textId="77777777" w:rsidR="008B564F" w:rsidRPr="008B564F" w:rsidRDefault="008B564F" w:rsidP="008B564F"><w:pPr><w:numPr><w:ilvl w:val="1"/><w:numId w:val="23"/></w:numPr></w:pPr><w:r w:rsidRPr="008B564F"><w:t>предстоящих экзаменах</w:t></w:r></w:p><w:p w14:paraId="6D5A838A" w14:textId="77777777" w:rsidR="008B564F" w:rsidRPr="008B564F" w:rsidRDefault="008B564F" w:rsidP="008B564F"><w:pPr><w:numPr><w:ilvl w:val="1"/><w:numId w:val="23"/></w:numPr></w:pPr><w:r w:rsidRPr="008B564F"><w:t>концертах</w:t></w:r></w:p><w:p w14:paraId="447549D5" w14:textId="77777777" w:rsidR="008B564F" w:rsidRPr="008B564F" w:rsidRDefault="008B564F" w:rsidP="008B564F"><w:pPr><w:numPr><w:ilvl w:val="1"/><w:numId w:val="23"/></w:numPr></w:pPr><w:r w:rsidRPr="008B564F"><w:t>конкурсах</w:t></w:r></w:p><w:p w14:paraId="629E3E3A" w14:textId="77777777" w:rsidR="008B564F" w:rsidRPr="008B564F" w:rsidRDefault="008B564F" w:rsidP="008B564F"><w:r w:rsidRPr="008B564F"><w:t xml:space="preserve">Блок носит </w:t></w:r><w:r w:rsidRPr="008B564F"><w:rPr><w:b/><w:bCs/></w:rPr><w:t>информационный, а не социальный характер</w:t></w:r><w:r w:rsidRPr="008B564F"><w:t>.</w:t></w:r></w:p><w:p w14:paraId="6BC62CB5" w14:textId="77777777" w:rsidR="008B564F" w:rsidRPr="008B564F" w:rsidRDefault="008B564F" w:rsidP="008B564F"><w:r w:rsidRPr="008B564F"><w:pict w14:anchorId="7AD81427"><v:rect id="_x0000_i1120" style="width:0;height:1.5pt" o:hralign="center" o:hrstd="t" o:hr="t" fillcolor="#a0a0a0" stroked="f"/></w:pict></w:r></w:p><w:p w14:paraId="2CADFC57" w14:textId="77777777" w:rsidR="008B564F" w:rsidRPr="008B564F" w:rsidRDefault="008B564F" w:rsidP="008B564F"><w:pPr><w:rPr><w:b/><w:bCs/></w:rPr></w:pPr><w:r w:rsidRPr="008B564F"><w:rPr><w:b/><w:bCs/></w:rPr><w:t>4. МОДУЛЬ «КОММУНИКАЦИИ»</w:t></w:r></w:p><w:p w14:paraId="29B64E54" w14:textId="77777777" w:rsidR="008B564F" w:rsidRPr="008B564F" w:rsidRDefault="008B564F" w:rsidP="008B564F"><w:r w:rsidRPr="008B564F"><w:t>Централизованная система служебных сообщений внутри школы.</w:t></w:r></w:p><w:p w14:paraId="51E7B33F" w14:textId="77777777" w:rsidR="008B564F" w:rsidRPr="008B564F" w:rsidRDefault="008B564F" w:rsidP="008B564F"><w:pPr><w:rPr><w:b/><w:bCs/></w:rPr></w:pPr><w:r w:rsidRPr="008B564F"><w:rPr><w:b/><w:bCs/></w:rPr><w:t>4.1. Типы коммуникаций</w:t></w:r></w:p><w:p w14:paraId="40D463B5" w14:textId="77777777" w:rsidR="008B564F" w:rsidRPr="008B564F" w:rsidRDefault="008B564F" w:rsidP="008B564F"><w:pPr><w:numPr><w:ilvl w:val="0"/><w:numId w:val="24"/></w:numPr></w:pPr><w:r w:rsidRPr="008B564F"><w:t>Индивидуальные сообщения: педагог — ученик / родитель</w:t></w:r></w:p><w:p w14:paraId="2F01FF35" w14:textId="77777777" w:rsidR="008B564F" w:rsidRPr="008B564F" w:rsidRDefault="008B564F" w:rsidP="008B564F"><w:pPr><w:numPr><w:ilvl w:val="0"/><w:numId w:val="24"/></w:numPr></w:pPr><w:r w:rsidRPr="008B564F"><w:t>Групповые сообщения: педагог — класс</w:t></w:r></w:p><w:p w14:paraId="7AA84FAB" w14:textId="77777777" w:rsidR="008B564F" w:rsidRPr="008B564F" w:rsidRDefault="008B564F" w:rsidP="008B564F"><w:pPr><w:numPr><w:ilvl w:val="0"/><w:numId w:val="24"/></w:numPr></w:pPr><w:r w:rsidRPr="008B564F"><w:t>Информационные рассылки от администрации (режим «только чтение»)</w:t></w:r></w:p><w:p w14:paraId="260554E6" w14:textId="77777777" w:rsidR="008B564F" w:rsidRPr="008B564F" w:rsidRDefault="008B564F" w:rsidP="008B564F"><w:pPr><w:rPr><w:b/><w:bCs/></w:rPr></w:pPr><w:r w:rsidRPr="008B564F"><w:rPr><w:b/><w:bCs/></w:rPr><w:t>4.2. Функциональные возможности</w:t></w:r></w:p><w:p w14:paraId="3596C61C" w14:textId="77777777" w:rsidR="008B564F" w:rsidRPr="008B564F" w:rsidRDefault="008B564F" w:rsidP="008B564F"><w:pPr><w:numPr><w:ilvl w:val="0"/><w:numId w:val="25"/></w:numPr></w:pPr><w:r w:rsidRPr="008B564F"><w:t>Передача файлов:</w:t></w:r></w:p><w:p w14:paraId="743AEFBE" w14:textId="77777777" w:rsidR="008B564F" w:rsidRPr="008B564F" w:rsidRDefault="008B564F" w:rsidP="008B564F"><w:pPr><w:numPr><w:ilvl w:val="1"/><w:numId w:val="25"/></w:numPr></w:pPr><w:r w:rsidRPr="008B564F"><w:t>фото нот</w:t></w:r></w:p><w:p w14:paraId="140C487B" w14:textId="77777777" w:rsidR="008B564F" w:rsidRPr="008B564F" w:rsidRDefault="008B564F" w:rsidP="008B564F"><w:pPr><w:numPr><w:ilvl w:val="1"/><w:numId w:val="25"/></w:numPr></w:pPr><w:r w:rsidRPr="008B564F"><w:t>аудиозаписи</w:t></w:r></w:p><w:p w14:paraId="36456549" w14:textId="77777777" w:rsidR="008B564F" w:rsidRPr="008B564F" w:rsidRDefault="008B564F" w:rsidP="008B564F"><w:pPr><w:numPr><w:ilvl w:val="1"/><w:numId w:val="25"/></w:numPr></w:pPr><w:r w:rsidRPr="008B564F"><w:t>видеофрагменты</w:t></w:r></w:p><w:p w14:paraId="1F4B69C1" w14:textId="77777777" w:rsidR="008B564F" w:rsidRPr="008B564F" w:rsidRDefault="008B564F" w:rsidP="008B564F"><w:pPr><w:numPr><w:ilvl w:val="0"/><w:numId w:val="25"/></w:numPr></w:pPr><w:proofErr w:type="spellStart"/><w:r w:rsidRPr="008B564F"><w:t>Автоуведомления</w:t></w:r><w:proofErr w:type="spellEnd"/><w:r w:rsidRPr="008B564F"><w:t>:</w:t></w:r></w:p><w:p w14:paraId="2B24C87D" w14:textId="77777777" w:rsidR="008B564F" w:rsidRPr="008B564F" w:rsidRDefault="008B564F" w:rsidP="008B564F"><w:pPr><w:numPr><w:ilvl w:val="1"/><w:numId w:val="25"/></w:numPr></w:pPr><w:r w:rsidRPr="008B564F"><w:t>при публикации домашнего задания</w:t></w:r></w:p><w:p w14:paraId="3D2C1FCE" w14:textId="77777777" w:rsidR="008B564F" w:rsidRPr="008B564F" w:rsidRDefault="008B564F" w:rsidP="008B564F"><w:pPr><w:numPr><w:ilvl w:val="1"/><w:numId w:val="25"/></w:numPr></w:pPr><w:r w:rsidRPr="008B564F"><w:t>при выставлении оценки</w:t></w:r></w:p><w:p w14:paraId="60CCE4BF" w14:textId="77777777" w:rsidR="008B564F" w:rsidRPr="008B564F" w:rsidRDefault="008B564F" w:rsidP="008B564F"><w:pPr><w:numPr><w:ilvl w:val="0"/><w:numId w:val="25"/></w:numPr></w:pPr><w:r w:rsidRPr="008B564F"><w:t>Режим «рабочее время» для педагогов (ограничение уведомлений)</w:t></w:r></w:p><w:p w14:paraId="2F705518" w14:textId="77777777" w:rsidR="008B564F" w:rsidRPr="008B564F" w:rsidRDefault="008B564F" w:rsidP="008B564F"><w:r w:rsidRPr="008B564F"><w:rPr><w:b/><w:bCs/></w:rPr><w:t>Примечание:</w:t></w:r><w:r w:rsidRPr="008B564F"><w:br/><w:t xml:space="preserve">Для экстренной связи допускается интеграция ссылок на внешние мессенджеры (например, </w:t></w:r><w:proofErr w:type="spellStart"/><w:r w:rsidRPr="008B564F"><w:t>WhatsApp</w:t></w:r><w:proofErr w:type="spellEnd"/><w:r w:rsidRPr="008B564F"><w:t>).</w:t></w:r></w:p><w:p w14:paraId="037D4E2B" w14:textId="77777777" w:rsidR="008B564F" w:rsidRPr="008B564F" w:rsidRDefault="008B564F" w:rsidP="008B564F"><w:r w:rsidRPr="008B564F"><w:pict w14:anchorId="4E8A12B4"><v:rect id="_x0000_i1121" style="width:0;height:1.5pt" o:hralign="center" o:hrstd="t" o:hr="t" fillcolor="#a0a0a0" stroked="f"/></w:pict></w:r></w:p><w:p w14:paraId="792C6FEE" w14:textId="77777777" w:rsidR="008B564F" w:rsidRPr="008B564F" w:rsidRDefault="008B564F" w:rsidP="008B564F"><w:pPr><w:rPr><w:b/><w:bCs/></w:rPr></w:pPr><w:r w:rsidRPr="008B564F"><w:rPr><w:b/><w:bCs/></w:rPr><w:t>5. ТЕХНИЧЕСКИЕ И ВИЗУАЛЬНЫЕ ТРЕБОВАНИЯ</w:t></w:r></w:p><w:p w14:paraId="38CEF306" w14:textId="77777777" w:rsidR="008B564F" w:rsidRPr="008B564F" w:rsidRDefault="008B564F" w:rsidP="008B564F"><w:pPr><w:rPr><w:b/><w:bCs/></w:rPr></w:pPr><w:r w:rsidRPr="008B564F"><w:rPr><w:b/><w:bCs/></w:rPr><w:lastRenderedPageBreak/><w:t>5.1. Безопасность</w:t></w:r></w:p><w:p w14:paraId="764E06DE" w14:textId="77777777" w:rsidR="008B564F" w:rsidRPr="008B564F" w:rsidRDefault="008B564F" w:rsidP="008B564F"><w:pPr><w:numPr><w:ilvl w:val="0"/><w:numId w:val="26"/></w:numPr></w:pPr><w:r w:rsidRPr="008B564F"><w:t>Шифрование персональных данных</w:t></w:r></w:p><w:p w14:paraId="2A6A5CC0" w14:textId="77777777" w:rsidR="008B564F" w:rsidRPr="008B564F" w:rsidRDefault="008B564F" w:rsidP="008B564F"><w:pPr><w:numPr><w:ilvl w:val="0"/><w:numId w:val="26"/></w:numPr></w:pPr><w:r w:rsidRPr="008B564F"><w:t>Ролевое разграничение доступа</w:t></w:r></w:p><w:p w14:paraId="4D74ED05" w14:textId="77777777" w:rsidR="008B564F" w:rsidRPr="008B564F" w:rsidRDefault="008B564F" w:rsidP="008B564F"><w:pPr><w:rPr><w:b/><w:bCs/></w:rPr></w:pPr><w:r w:rsidRPr="008B564F"><w:rPr><w:b/><w:bCs/></w:rPr><w:t>5.2. Производительность и масштабируемость</w:t></w:r></w:p><w:p w14:paraId="19B5A64C" w14:textId="77777777" w:rsidR="008B564F" w:rsidRPr="008B564F" w:rsidRDefault="008B564F" w:rsidP="008B564F"><w:pPr><w:numPr><w:ilvl w:val="0"/><w:numId w:val="27"/></w:numPr></w:pPr><w:r w:rsidRPr="008B564F"><w:t>Поддержка до 2000 активных пользователей одновременно</w:t></w:r></w:p><w:p w14:paraId="68B95E0A" w14:textId="77777777" w:rsidR="008B564F" w:rsidRPr="008B564F" w:rsidRDefault="008B564F" w:rsidP="008B564F"><w:pPr><w:numPr><w:ilvl w:val="0"/><w:numId w:val="27"/></w:numPr></w:pPr><w:r w:rsidRPr="008B564F"><w:t>Возможность расширения функционала без изменения архитектуры</w:t></w:r></w:p><w:p w14:paraId="2A599AD3" w14:textId="77777777" w:rsidR="008B564F" w:rsidRPr="008B564F" w:rsidRDefault="008B564F" w:rsidP="008B564F"><w:pPr><w:rPr><w:b/><w:bCs/></w:rPr></w:pPr><w:r w:rsidRPr="008B564F"><w:rPr><w:b/><w:bCs/></w:rPr><w:t>5.3. Дизайн</w:t></w:r></w:p><w:p w14:paraId="4A95476D" w14:textId="77777777" w:rsidR="008B564F" w:rsidRPr="008B564F" w:rsidRDefault="008B564F" w:rsidP="008B564F"><w:pPr><w:numPr><w:ilvl w:val="0"/><w:numId w:val="28"/></w:numPr></w:pPr><w:r w:rsidRPr="008B564F"><w:t>Минималистичный, академический стиль</w:t></w:r></w:p><w:p w14:paraId="5BE1F1F8" w14:textId="77777777" w:rsidR="008B564F" w:rsidRPr="008B564F" w:rsidRDefault="008B564F" w:rsidP="008B564F"><w:pPr><w:numPr><w:ilvl w:val="0"/><w:numId w:val="28"/></w:numPr></w:pPr><w:r w:rsidRPr="008B564F"><w:t>Приоритет:</w:t></w:r></w:p><w:p w14:paraId="060C9AFA" w14:textId="77777777" w:rsidR="008B564F" w:rsidRPr="008B564F" w:rsidRDefault="008B564F" w:rsidP="008B564F"><w:pPr><w:numPr><w:ilvl w:val="1"/><w:numId w:val="28"/></w:numPr></w:pPr><w:r w:rsidRPr="008B564F"><w:t>читаемость расписания</w:t></w:r></w:p><w:p w14:paraId="2CA2212B" w14:textId="77777777" w:rsidR="008B564F" w:rsidRPr="008B564F" w:rsidRDefault="008B564F" w:rsidP="008B564F"><w:pPr><w:numPr><w:ilvl w:val="1"/><w:numId w:val="28"/></w:numPr></w:pPr><w:r w:rsidRPr="008B564F"><w:t>удобство работы с нотными материалами</w:t></w:r></w:p><w:p w14:paraId="62DF38E0" w14:textId="77777777" w:rsidR="008B564F" w:rsidRPr="008B564F" w:rsidRDefault="008B564F" w:rsidP="008B564F"><w:pPr><w:numPr><w:ilvl w:val="0"/><w:numId w:val="28"/></w:numPr></w:pPr><w:r w:rsidRPr="008B564F"><w:t>Отсутствие декоративных и игровых элементов</w:t></w:r></w:p><w:p w14:paraId="2895C371" w14:textId="77777777" w:rsidR="008B564F" w:rsidRPr="008B564F" w:rsidRDefault="008B564F" w:rsidP="008B564F"><w:r w:rsidRPr="008B564F"><w:pict w14:anchorId="21FC6B05"><v:rect id="_x0000_i1122" style="width:0;height:1.5pt" o:hralign="center" o:hrstd="t" o:hr="t" fillcolor="#a0a0a0" stroked="f"/></w:pict></w:r></w:p><w:p w14:paraId="14778644" w14:textId="77777777" w:rsidR="008B564F" w:rsidRPr="008B564F" w:rsidRDefault="008B564F" w:rsidP="008B564F"><w:pPr><w:rPr><w:b/><w:bCs/></w:rPr></w:pPr><w:r w:rsidRPr="008B564F"><w:rPr><w:b/><w:bCs/></w:rPr><w:t>6. ЭТАПЫ РЕАЛИЗАЦИИ (ROADMAP)</w:t></w:r></w:p><w:p w14:paraId="4866ABBB" w14:textId="77777777" w:rsidR="008B564F" w:rsidRPr="008B564F" w:rsidRDefault="008B564F" w:rsidP="008B564F"><w:pPr><w:rPr><w:b/><w:bCs/></w:rPr></w:pPr><w:r w:rsidRPr="008B564F"><w:rPr><w:b/><w:bCs/></w:rPr><w:t>Этап 1. Прототипирование</w:t></w:r></w:p><w:p w14:paraId="25D6F449" w14:textId="77777777" w:rsidR="008B564F" w:rsidRPr="008B564F" w:rsidRDefault="008B564F" w:rsidP="008B564F"><w:pPr><w:numPr><w:ilvl w:val="0"/><w:numId w:val="29"/></w:numPr></w:pPr><w:r w:rsidRPr="008B564F"><w:t>Проработка UX-схем и пользовательских сценариев</w:t></w:r></w:p><w:p w14:paraId="426655B5" w14:textId="77777777" w:rsidR="008B564F" w:rsidRPr="008B564F" w:rsidRDefault="008B564F" w:rsidP="008B564F"><w:pPr><w:rPr><w:b/><w:bCs/></w:rPr></w:pPr><w:r w:rsidRPr="008B564F"><w:rPr><w:b/><w:bCs/></w:rPr><w:t xml:space="preserve">Этап 2. </w:t></w:r><w:proofErr w:type="spellStart"/><w:r w:rsidRPr="008B564F"><w:rPr><w:b/><w:bCs/></w:rPr><w:t>Backend</w:t></w:r><w:proofErr w:type="spellEnd"/><w:r w:rsidRPr="008B564F"><w:rPr><w:b/><w:bCs/></w:rPr><w:t>-разработка</w:t></w:r></w:p><w:p w14:paraId="6AF2DBA4" w14:textId="77777777" w:rsidR="008B564F" w:rsidRPr="008B564F" w:rsidRDefault="008B564F" w:rsidP="008B564F"><w:pPr><w:numPr><w:ilvl w:val="0"/><w:numId w:val="30"/></w:numPr></w:pPr><w:r w:rsidRPr="008B564F"><w:t>Проектирование базы данных</w:t></w:r></w:p><w:p w14:paraId="01E10916" w14:textId="77777777" w:rsidR="008B564F" w:rsidRPr="008B564F" w:rsidRDefault="008B564F" w:rsidP="008B564F"><w:pPr><w:numPr><w:ilvl w:val="0"/><w:numId w:val="30"/></w:numPr></w:pPr><w:r w:rsidRPr="008B564F"><w:t>Реализация логики «цикла ученика»</w:t></w:r></w:p><w:p w14:paraId="312630B0" w14:textId="77777777" w:rsidR="008B564F" w:rsidRPr="008B564F" w:rsidRDefault="008B564F" w:rsidP="008B564F"><w:pPr><w:rPr><w:b/><w:bCs/></w:rPr></w:pPr><w:r w:rsidRPr="008B564F"><w:rPr><w:b/><w:bCs/></w:rPr><w:t xml:space="preserve">Этап 3. </w:t></w:r><w:proofErr w:type="spellStart"/><w:r w:rsidRPr="008B564F"><w:rPr><w:b/><w:bCs/></w:rPr><w:t>Frontend</w:t></w:r><w:proofErr w:type="spellEnd"/><w:r w:rsidRPr="008B564F"><w:rPr><w:b/><w:bCs/></w:rPr><w:t>-разработка</w:t></w:r></w:p><w:p w14:paraId="2126A36A" w14:textId="77777777" w:rsidR="008B564F" w:rsidRPr="008B564F" w:rsidRDefault="008B564F" w:rsidP="008B564F"><w:pPr><w:numPr><w:ilvl w:val="0"/><w:numId w:val="31"/></w:numPr></w:pPr><w:r w:rsidRPr="008B564F"><w:t>Реализация веб-интерфейсов</w:t></w:r></w:p><w:p w14:paraId="6257CAF5" w14:textId="77777777" w:rsidR="008B564F" w:rsidRPr="008B564F" w:rsidRDefault="008B564F" w:rsidP="008B564F"><w:pPr><w:numPr><w:ilvl w:val="0"/><w:numId w:val="31"/></w:numPr></w:pPr><w:r w:rsidRPr="008B564F"><w:t>Адаптация под мобильные браузеры</w:t></w:r></w:p><w:p w14:paraId="5D1214B6" w14:textId="77777777" w:rsidR="008B564F" w:rsidRPr="008B564F" w:rsidRDefault="008B564F" w:rsidP="008B564F"><w:pPr><w:rPr><w:b/><w:bCs/></w:rPr></w:pPr><w:r w:rsidRPr="008B564F"><w:rPr><w:b/><w:bCs/></w:rPr><w:t>Этап 4. Тестирование</w:t></w:r></w:p><w:p w14:paraId="19B15FB0" w14:textId="77777777" w:rsidR="008B564F" w:rsidRPr="008B564F" w:rsidRDefault="008B564F" w:rsidP="008B564F"><w:pPr><w:numPr><w:ilvl w:val="0"/><w:numId w:val="32"/></w:numPr></w:pPr><w:r w:rsidRPr="008B564F"><w:t>Закрытое тестирование с группой из 5 педагогов</w:t></w:r></w:p><w:p w14:paraId="44B0A70C" w14:textId="77777777" w:rsidR="008B564F" w:rsidRPr="008B564F" w:rsidRDefault="008B564F" w:rsidP="008B564F"><w:pPr><w:numPr><w:ilvl w:val="0"/><w:numId w:val="32"/></w:numPr></w:pPr><w:r w:rsidRPr="008B564F"><w:t>Сбор обратной связи</w:t></w:r></w:p><w:p w14:paraId="48055578" w14:textId="77777777" w:rsidR="008B564F" w:rsidRPr="008B564F" w:rsidRDefault="008B564F" w:rsidP="008B564F"><w:pPr><w:rPr><w:b/><w:bCs/></w:rPr></w:pPr><w:r w:rsidRPr="008B564F"><w:rPr><w:b/><w:bCs/></w:rPr><w:t>Этап 5. Релиз и развитие</w:t></w:r></w:p><w:p w14:paraId="0FACBBD5" w14:textId="77777777" w:rsidR="008B564F" w:rsidRPr="008B564F" w:rsidRDefault="008B564F" w:rsidP="008B564F"><w:pPr><w:numPr><w:ilvl w:val="0"/><w:numId w:val="33"/></w:numPr></w:pPr><w:r w:rsidRPr="008B564F"><w:t>Запуск веб-платформы</w:t></w:r></w:p><w:p w14:paraId="70AE88AF" w14:textId="77777777" w:rsidR="008B564F" w:rsidRPr="008B564F" w:rsidRDefault="008B564F" w:rsidP="008B564F"><w:pPr><w:numPr><w:ilvl w:val="0"/><w:numId w:val="33"/></w:numPr></w:pPr><w:r w:rsidRPr="008B564F"><w:t>Подготовка архитектуры для мобильного приложения</w:t></w:r></w:p><w:p w14:paraId="4A7E2BA0" w14:textId="77777777" w:rsidR="00FD6060" w:rsidRPr="008B564F" w:rsidRDefault="00FD6060"><w:pPr><w:rPr><w:sz w:val="24"/><w:szCs w:val="24"/></w:rPr></w:pPr></w:p><w:sectPr w:rsidR="00FD6060" w:rsidRPr="008B564F" w:rsidSect="008B564F"><w:pgSz w:w="11906" w:h="16838"/><w:pgMar w:top="1135" w:right="1440" w:bottom="1440" w:left="1440" w:header="708" w:footer="708" w:gutter="0"/><w:cols w:space="708"/><w:docGrid w:linePitch="360"/></w:sectPr></w:body></w:document>